CHROM	POS	REF	ALT	phylop
10	110964368	A	C	7.104
10	110964968	A	G	7.509
10	111011663	A	G	6.232
10	14908593	C	T	0.299
10	14909203	T	G	-0.817
10	14926856	G	C	8.989
10	14932906	T	C	2.255
10	14934728	G	C	9.659
10	14935470	C	T	7.429
10	14945124	C	G	0.123
10	71694233	C	T	5.965
10	71730514	A	G	6.151
11	108227849	C	G	1.996
11	108248940	A	G	1.171
11	108267318	C	T	1.043
11	108272572	A	G	0.35
11	108284405	G	A	3.292
11	108327664	T	C	3.531
11	121118626	A	G	4.963
11	121125534	C	T	1.957
11	36573555	A	G	1.567
11	36573881	G	A	4.085
11	36574050	A	G	-0.074
11	36574210	C	A	0.315
11	36574650	G	A	4.398
11	36574877	C	T	4.078
11	36575763	A	G	2.857
11	36575942	G	A	5.44
11	36593011	G	T	1.583
11	36593291	T	C	3.941
11	36593525	G	A	5.853
11	532686	G	A	4.658
11	533799	T	G	4.096
1	171636386	C	T	4.081
1	171638715	C	A	-0.8
1	171652385	C	T	2.859
1	173909791	G	T	7.729
12	112446314	A	G	9.226
12	112477722	A	G	2.939
12	112477951	G	A	5.421
12	112477975	G	A	5.431
12	112502202	C	T	2.735
12	120978860	G	A	3.064
12	120978953	A	G	4.155
12	120996568	C	G	7.895
12	120996568	C	T	7.895
12	120996569	C	A	7.895
12	120999288	G	A	9.333
12	120999579	A	G	0.738
12	120999588	C	G	2.041
12	121001076	A	G	5.816
12	121001112	G	A	2.55
12	121001145	G	A	4.222
1	215625828	T	C	5.553
1	215628900	C	T	2.729
1	215900872	G	A	7.679
1	216198494	C	A	4.825
1	216246872	G	T	3.951
12	51794436	G	A	-0.053
12	51794533	A	G	1.888
12	5952393	C	T	5.943
12	6018725	C	A	0.997
12	6019004	C	G	-0.121
12	6019277	T	C	1.877
12	6022793	G	A	6.351
12	6046784	C	T	-0.401
13	32332309	T	G	0.372
13	32363351	G	T	4.394
13	32398489	A	T	0.723
14	23417200	G	C	7.788
14	23419566	T	C	0.137
14	23423701	A	G	9.085
14	23429040	G	A	0.776
14	23433656	G	A	5.01
14	28767488	A	C	0.693
14	28767497	A	C	-0.795
14	28767500	C	A	0.295
14	28767530	C	A	0.467
14	28767547	G	T	0.329
14	28767623	C	T	-0.675
14	28767734	G	C	1.01
14	28767782	G	C	3.884
14	28768552	T	C	4.737
14	28768663	A	G	5.363
14	30885501	G	A	3.093
14	95096010	G	A	3.239
14	95103843	C	T	1.838
14	95103968	A	G	1.746
14	95107916	C	T	7.811
14	95115749	C	A	2.846
14	95117750	T	C	7.922
14	95124448	G	C	9.314
14	95126599	G	C	7.13
14	95133400	G	A	9.473
15	25355920	T	G	5.073
15	25371110	C	G	0.458
15	25371359	T	C	6.207
15	45362137	C	T	7.312
15	45364809	T	C	0.14
15	45369403	G	A	0.773
15	48411243	G	A	2.225
15	48468045	G	A	2.613
15	48487155	C	T	2.096
15	48487353	G	A	9.356
15	48644691	C	T	-0.034
15	66485144	C	T	2.057
15	89318595	T	C	1.902
15	89324193	C	T	0.538
15	89326688	G	A	2.855
16	23607965	C	G	1.398
16	23621421	C	G	-0.24
16	23630127	A	G	0.414
16	23630140	C	G	0.103
16	23635825	T	C	-0.491
16	68738336	C	A	0.584
16	68801694	G	A	0.326
16	68801792	A	G	1.677
16	68801810	G	A	2.523
16	68808707	A	C	0.242
16	68808765	G	A	1.621
16	68808832	G	A	0.137
16	68810317	T	G	2.275
16	68810329	G	A	3.032
16	68811743	G	A	5.12
16	68812144	A	G	-0.366
16	68813337	G	A	-0.197
16	68813353	T	A	4
16	68813398	C	T	2.733
16	68813473	A	G	5.995
16	68815603	C	T	7.482
16	68815759	C	T	0.463
16	68819282	A	G	8.11
16	68822063	G	A	9.201
16	68822138	G	A	1.253
16	68822177	C	G	1.203
16	68823566	G	A	1.315
16	68829694	G	A	8.006
16	68829757	G	A	6.651
16	68829771	G	A	5.804
16	68833344	G	A	8.132
16	68833488	G	A	8.132
16	68834273	A	G	0.608
1	68431319	G	A	7.38
1	68438977	A	C	0.135
1	68444632	C	T	5.743
17	18121038	G	T	0.105
17	18143584	T	C	-0.033
17	28524584	C	T	3.076
17	28534859	C	T	-0.2
17	28535127	T	A	4.557
17	43092113	T	C	0.301
17	43092449	G	A	1.681
17	43093376	T	C	0.938
17	43094298	A	C	-0.034
17	43104258	G	C	1.516
17	44375697	A	C	1.202
17	44375704	G	T	-0.253
17	44375923	C	G	0.957
17	44378644	C	A	-0.347
17	44380127	G	A	1.255
17	44380898	G	C	-2.574
17	44385686	G	C	0.098
17	47253901	G	A	0.065
17	47283364	T	C	-1.346
17	47283385	T	G	6.252
17	47284587	G	A	2.525
17	47292422	G	A	-0.931
17	47300524	G	A	1.653
17	7220033	C	T	-0.916
17	7220127	G	A	0.46
17	7220187	G	A	0.732
17	7220519	C	T	-1.735
17	7669671	C	G	1.293
17	7670613	A	C	0.669
17	7670630	C	G	0.024
17	7670649	G	T	2.864
17	7673593	G	C	1.291
17	7673728	C	T	-0.746
17	7673751	C	T	-0.383
17	7674259	T	C	4.163
17	7676050	A	G	2.489
17	7676152	C	T	-2.312
17	7676224	C	T	0.36
17	7676230	G	A	-3.332
17	7676262	G	T	-0.119
17	7676567	C	T	-0.419
17	80104857	G	A	9.795
17	80105870	G	A	-0.036
17	80108788	A	G	-0.443
17	80117606	G	A	-1.089
17	80117714	G	A	-0.268
17	80118674	G	C	0.028
17	80118786	C	T	2.316
18	55261512	G	A	7.264
18	55461054	T	C	4.264
19	11089606	G	A	1.039
19	11110681	G	A	6.61
19	11110735	G	A	0.471
19	11111624	G	A	-0.27
19	11123210	C	T	0.091
19	1397444	G	A	2.842
19	1397489	A	G	7.145
19	1401398	A	G	7.077
19	17826850	C	T	-1.279
19	17834887	C	T	3.042
19	17835995	G	A	1.788
19	17843141	G	C	-0.433
19	17843406	G	T	1.912
19	18156039	G	A	2.599
19	38464649	G	A	9.853
19	38473635	A	G	4.274
19	38475335	A	G	4.861
19	38485654	C	T	-0.692
19	38485972	C	T	7.828
19	38486015	C	T	0.765
19	38492540	G	T	0.786
19	38499177	A	G	6.177
19	38505358	C	G	5.603
19	38512364	C	T	3.474
19	38527707	G	C	3.378
19	38534726	C	G	8.161
19	38565215	C	T	0.974
19	38565218	C	T	0.15
19	38566975	C	T	1.424
19	38566986	G	C	2.971
19	4090639	G	A	1.107
19	4099227	G	A	6.844
19	4099276	G	A	3.179
19	43527117	C	A	0.802
20	44419774	G	A	9.994
20	44428448	G	A	10.003
20	44429627	A	G	7
20	44625622	C	T	1.469
20	44626579	T	C	3.057
20	44651586	C	T	-0.538
21	34792163	A	G	6.893
21	34792182	T	A	2.856
21	34792223	A	C	0.227
21	34792313	T	C	7.416
21	34792388	T	C	5.593
21	34792573	C	A	0.779
21	34799316	A	C	4.532
21	34799444	G	A	9.166
21	34799456	C	T	5.516
21	34886989	C	G	3.653
21	34887015	G	A	1.177
21	34887027	A	G	3.338
21	34892957	A	T	1.48
2	165090569	C	A	7.905
2	165090746	C	T	2.732
2	165127774	C	T	0.073
2	165295879	G	A	2.477
2	165315658	G	A	0.875
2	165344715	A	G	4.068
2	165998121	T	C	4.853
2	202556283	G	A	9.561
2	26480866	C	T	5.003
2	38996971	T	C	5.799
2	39012145	G	T	3.299
2	39013505	C	T	0.385
2	39013920	C	G	-0.141
2	39013966	G	A	5.443
2	39022656	T	C	3.366
2	39035268	G	A	9.46
2	39051259	A	G	4.053
2	39054781	T	C	0.433
2	39120350	G	A	2.492
3	10141921	C	T	-0.037
3	10141966	C	T	0.42
3	10142001	G	A	0.417
3	10142088	C	T	1.474
3	12591760	C	T	2.247
3	12600219	G	A	6.816
3	12612058	T	C	4.539
3	12618603	C	T	5.768
3	12618628	T	C	1.544
3	179209622	A	G	1.333
3	179224091	A	G	4.059
5	112767263	C	T	1.592
5	112792515	G	C	3.93
5	112819027	G	A	10.003
5	112819272	C	T	6.036
5	112838070	T	G	1.464
5	112839993	C	T	3.335
5	112840014	G	A	3.965
5	112841059	T	A	2.36
5	112843456	C	G	4.727
5	35860966	T	C	0.311
5	35871088	G	A	0.106
5	35874473	C	T	-0.43
5	35876149	A	C	-2.302
5	35876172	A	G	1.065
5	35876198	T	G	-1.749
5	35876347	C	T	-0.111
6	75832925	G	A	9.602
6	75848478	C	T	7.545
7	107674313	G	T	6.166
7	107689120	G	A	7.127
7	107694642	A	T	8.244
7	140787575	T	C	2.527
7	140800366	T	C	-0.005
7	140800374	G	A	9.211
7	44145726	T	G	0.071
7	44147678	C	G	4.98
7	44149790	C	T	7.905
9	127825812	C	T	1.441
9	127826641	G	A	-0.056
X	135985527	G	T	2.121
X	136022660	G	C	6.437
X	139530772	G	A	0.553
X	139530783	A	T	3.489
X	139551121	A	G	0.555
X	139551253	T	G	0.389
X	153691453	G	A	1.429
X	153693925	G	A	9.848
X	154030409	C	G	1.349
X	154030489	C	T	0.193
X	154030501	C	T	1.396
X	154030513	C	A	0.086
X	154030546	C	T	2.487
X	154030573	G	A	2.72
X	154030623	G	A	3.298
X	154030639	C	T	0.579
X	154030640	G	A	0.49
X	154030648	C	T	1.607
X	154030665	G	A	3.2
X	154030666	G	A	0.964
X	154030668	G	A	2.661
X	154030690	C	T	0.33
X	154030693	G	A	3.444
X	154030695	G	A	2.854
X	154030702	G	A	1.763
X	154030768	G	A	3.241
X	154030798	G	A	2.109
X	154030896	G	A	8.995
X	154030949	G	C	1.592
X	154030987	C	T	2.167
X	154031004	A	G	1.303
X	154031127	G	C	1.557
X	154031211	C	G	3.655
X	154031220	G	A	2.568
X	154031226	G	A	2.69
X	154031231	G	C	3.01
X	154032319	G	A	7.382
X	154032360	G	A	6.747
X	154032429	T	C	1.556
X	154097611	C	T	3.149
X	154860563	T	C	2.298
X	154930843	C	T	-1.14
X	154961104	C	T	0.761
X	18595364	A	G	8.867
X	18603988	G	A	9.597
X	18604447	T	C	3.006
X	18604488	T	G	0.257
X	18604645	C	T	4.295
X	18604692	G	A	9.356
X	18604816	T	C	5.592
X	18613242	A	G	2.91
X	18628420	C	T	7.523
X	18628429	C	T	3.796
X	18650508	G	A	-0.033
X	18650520	C	T	0.29
X	18653510	C	A	-0.777
X	18653534	C	T	-2.983
X	19357664	A	C	8.919
X	19359015	A	C	0.887
X	71110633	C	T	0.249
10	110964396	A	C	8.947
10	110964735	C	T	6.109
10	110964971	A	G	9.325
10	14909153	C	T	0.131
10	14934486	C	T	3.924
10	14934502	C	G	5.145
10	14935508	G	A	6.185
10	14945182	C	A	2.992
10	71778252	G	A	4.089
10	87931071	G	A	4.291
10	87960974	T	G	3.743
10	87960984	C	G	2.692
10	87965321	C	A	5.59
10	87965338	A	G	8.675
1	11126708	T	G	7.595
1	11130641	G	A	2.318
1	11210822	T	C	7.637
11	121113629	A	G	9.289
11	121128038	C	G	0.168
11	121137576	C	T	1.508
11	121146015	G	A	5.222
11	121168762	T	C	7.645
11	36573790	T	A	0.028
11	36574029	A	G	0.394
11	36594147	C	T	1.292
1	171635941	T	C	0.415
1	171636106	G	A	1.247
1	171636247	T	C	0.538
1	171636382	G	A	1.256
1	171636455	C	T	0.087
1	171636562	G	T	2.615
1	171638683	A	G	6.65
1	171638703	G	C	0.342
1	171638715	C	T	-0.8
1	171652139	C	T	-2.048
1	171652172	C	T	-0.779
1	171652236	G	A	0.471
1	171652368	G	A	2.888
1	171652458	T	C	2.319
1	171652468	C	A	-0.012
1	171652476	G	A	1.829
1	171652514	C	T	2.23
1	171652555	C	A	0.77
1	171652578	C	G	-0.134
1	173909824	C	T	0.217
1	173910797	T	C	3.11
1	173911870	T	C	-0.095
1	173914662	T	C	2.595
1	173914914	A	G	0.209
1	173917231	G	T	0.986
11	77158332	G	A	3.173
11	77159450	G	A	7.725
12	102852837	T	C	3.492
12	112453254	A	G	9.316
12	112502222	C	T	5.487
12	120978910	G	A	6.409
12	120993532	C	T	5.613
12	120994216	T	A	5.76
12	120994321	C	T	0.661
12	120994322	C	A	3.125
12	120999310	C	A	4.518
12	120999522	C	T	0.975
12	120999604	A	G	1.667
1	215628839	G	C	4.723
1	215650659	C	T	-0.656
1	215675406	T	C	2.036
1	215879002	C	T	1.38
1	216097127	G	A	2.4
1	216289285	C	T	2.5
1	243552810	T	C	8.017
12	51913125	C	T	0.377
12	51914465	C	T	1.648
12	51919086	A	G	3.61
12	51920826	C	T	6.072
12	5952509	G	A	0.519
12	5994484	G	A	8.267
12	6016654	G	A	2.759
12	6018670	C	T	1.01
12	6019726	T	G	3.001
12	6019732	A	C	3.554
12	6029409	C	T	5.688
12	6036424	G	T	3.502
12	6057850	C	A	1.52
12	6110515	C	T	4.974
13	32329474	T	G	1.261
14	23413845	C	G	6.054
14	23416048	C	T	0.745
14	23417295	C	A	1.07
14	23418398	G	T	-3.31
14	23420189	C	T	2.022
14	23421008	C	A	7.609
14	23425345	C	T	0.766
14	28767506	C	T	-0.023
14	28767535	C	A	1.656
14	28767542	G	A	0.988
14	28767554	C	T	-0.593
14	28767605	C	T	1.309
14	28767750	G	T	3.179
14	28768256	G	A	4.904
14	28768324	T	G	3.406
14	95093976	T	C	7.61
14	95096046	G	T	2.323
14	95096180	C	A	3.148
14	95096445	A	G	0.986
14	95096508	G	A	4.207
14	95096544	C	T	7.281
14	95096637	A	T	0.102
14	95099797	A	G	8.892
14	95103568	A	T	0.106
14	95124404	A	G	6.891
14	95124415	T	C	7.451
14	95124647	C	T	7.349
14	95126741	A	T	8.393
14	95133331	G	A	9.473
15	45366492	G	C	5.206
15	48485397	A	G	9.321
15	48489875	T	C	1.493
15	48526133	T	C	0.182
16	68737419	G	A	2.033
16	68737423	C	G	2.165
16	68738340	G	T	4.714
16	68738361	C	A	0.288
16	68738361	C	T	0.288
16	68738373	C	T	1.461
16	68738408	A	G	-0.333
16	68738409	G	A	0.361
16	68801670	T	G	6.022
16	68801679	A	T	1.367
16	68801690	G	A	3.052
16	68801720	G	A	4.625
16	68801727	G	A	1.914
16	68801729	T	C	1.877
16	68801775	G	A	0.867
16	68801850	C	T	0.425
16	68801876	C	T	2.015
16	68801877	G	A	-0.074
16	68808430	G	A	-3.013
16	68808535	G	A	0.344
16	68808831	C	T	-3.576
16	68810233	G	A	0.922
16	68810240	A	G	4.895
16	68811717	C	T	0.945
16	68811855	G	A	9.602
16	68812145	C	T	-0.199
16	68812244	C	T	7.448
16	68812258	A	C	0.148
16	68812262	C	T	-1.015
16	68813349	G	A	-2.793
16	68813400	T	C	5.079
16	68813448	G	A	1.487
16	68813471	C	G	-2.658
16	68813472	G	A	3.888
16	68815554	G	A	3.939
16	68815611	G	A	3.37
16	68815687	A	C	7.104
16	68819398	A	G	1.837
16	68822154	A	G	5.418
16	68823482	A	T	1.414
16	68823515	G	A	4.304
16	68823593	C	G	1.504
16	68828213	C	T	0.073
16	68829687	G	A	9.925
16	68829701	A	T	0.551
16	68833300	C	T	7.905
16	68833362	A	G	4.411
16	68833485	G	A	6.878
1	68439059	T	G	7.674
1	68439611	G	C	0.032
1	68444834	C	T	7.388
17	18119911	C	A	1.181
17	18120382	G	A	0.334
17	18167639	G	A	0.431
17	28524741	C	T	0.05
17	28529107	G	A	2.857
17	28537153	C	T	1.156
17	28537195	C	A	1.462
17	28537246	G	A	3.263
17	28537375	C	T	0.472
17	44374449	C	T	1.789
17	47283363	C	G	1.608
17	47284638	C	T	3.84
17	47289711	A	G	7.508
17	7669628	T	G	2.05
17	7669640	A	G	0.69
17	7669641	T	C	0.379
17	7669655	C	A	0.736
17	7669655	C	T	0.736
17	7669656	G	T	0.274
17	7669689	G	A	1.866
17	7670616	G	A	2.642
17	7670643	C	G	0.965
17	7670684	C	T	-0.406
17	7670694	C	G	2.596
17	7670711	C	T	1.649
17	7670712	G	A	2.566
17	7673579	G	T	0.798
17	7673585	A	T	1.159
17	7673713	T	C	0.779
17	7673734	G	A	0.481
17	7673737	G	A	-0.062
17	7673743	C	A	1.093
17	7673745	T	C	4.201
17	7673752	G	A	3.719
17	7673754	A	G	1.699
17	7673769	G	A	6.927
17	7673773	G	A	4.691
17	7674184	G	T	2.656
17	7674203	T	C	8.017
17	7674959	G	C	6.428
17	7675056	C	T	2.745
17	7675058	C	T	0.485
17	7675103	G	A	8.158
17	7675132	C	T	1.243
17	7675143	C	T	0.371
17	7676005	C	T	4.724
17	7676025	T	C	3.746
17	7676040	C	T	0.604
17	7676047	C	T	0.902
17	7676119	C	T	0.031
17	7676124	G	A	0.78
17	7676148	G	A	-1.075
17	7676154	G	T	1.438
17	7676181	G	A	0.371
17	7676181	G	C	0.371
17	7676220	A	G	0.623
17	7676224	C	G	0.36
17	7676225	G	T	-3.114
17	7676264	C	G	-2.362
17	7676567	C	G	-0.419
17	7676574	A	T	-1.044
17	7676584	G	A	1.055
17	80105860	G	T	-1.074
17	80105878	C	G	0.663
17	80109970	C	G	3.658
17	80113329	G	A	-1.409
18	55254564	C	A	7.905
18	55275702	G	C	5.216
18	55279622	T	C	5.7
18	55350907	G	T	3.611
18	55350960	G	C	7.432
18	55403518	C	T	5.56
19	11106676	G	A	2.439
19	11123264	G	A	-2.235
19	11123284	C	T	-1.931
19	11131308	G	A	0.542
19	1397400	C	T	0.304
19	1398755	A	T	-0.658
19	1398912	G	A	-1.554
19	17831706	G	T	1.382
19	17832563	T	C	5.843
19	17841686	C	T	1.261
19	17842528	C	T	0.32
19	17843438	C	T	1.149
19	17843898	T	C	3.587
19	18156199	C	T	1.539
19	38443790	G	A	1.285
19	38460461	C	T	7.905
19	38467655	G	A	9.94
19	38483293	A	G	2.595
19	38485691	G	A	9.902
19	38496415	C	T	1.246
19	38499241	A	G	9.325
19	38502708	T	A	7.963
19	38505325	C	T	1.855
19	38519292	G	A	5.145
19	38519295	A	G	7.512
19	38525492	G	A	9.757
19	38543551	A	G	9.138
19	38561140	G	C	2.556
19	38575957	G	A	9.898
19	4099273	C	A	0.017
19	4099302	T	C	2.195
19	4101274	G	A	2.223
20	44413735	A	G	9.286
20	44428470	G	A	1.942
20	44624217	A	T	0.84
21	34792326	T	C	3.72
21	34792548	C	T	3.454
21	34792580	G	A	2.468
21	34792584	C	T	5.574
21	34792593	C	T	2.382
21	34799312	C	T	4.968
21	34799412	G	T	9.166
21	34799436	G	A	4.071
21	34834414	C	T	1.187
21	34834451	T	C	5.457
21	34834466	C	T	4.536
21	34834478	G	A	7.801
21	34834517	C	T	4.499
21	34834547	T	C	6.271
21	34880696	A	T	-2.362
21	34886941	G	T	9.415
21	35048846	C	A	3.099
21	35048882	T	C	0.345
2	202464818	A	G	4.623
2	202464952	A	G	4.288
2	202514903	G	A	9.321
2	202530863	C	A	7.848
2	202530868	G	A	9.927
2	202552811	A	C	1.916
2	202555431	A	G	9.098
2	202555851	G	C	6.887
2	202556321	C	T	2.9
2	202559716	G	T	3.74
2	202559777	G	A	6.521
2	26465995	C	T	7.905
2	26467501	C	A	3.995
2	38986117	G	T	8.812
2	38986168	C	T	4.111
2	38986226	G	C	-0.043
2	38995147	C	T	7.214
2	39013471	C	G	3.282
2	39022723	G	C	5.494
2	39022938	C	T	7.461
2	39035466	C	T	5.469
2	39054636	T	C	2.113
2	39056862	A	C	9.197
2	39058738	T	C	6.148
2	39067732	T	C	5.432
3	10141936	G	A	-1.79
3	12600235	T	C	7.197
3	12618597	G	A	7.408
3	12618598	C	T	3.921
3	12618656	A	C	1.009
5	112767203	A	G	3.13
5	112767388	G	C	0.171
5	112827186	C	T	7.905
5	112840500	G	T	7.28
5	112844032	C	A	5.389
5	35860921	C	T	-0.368
5	35867398	G	A	2.368
5	35867423	A	C	1.478
5	35873544	A	G	5.368
5	35874520	G	A	0.75
5	35876337	A	G	-0.044
6	75890234	C	T	3.133
7	107661788	C	G	-0.092
7	107663331	C	G	0.651
7	107689112	T	C	7.172
7	140808049	T	C	8.017
7	140924612	G	C	0.734
7	44145148	C	A	3.468
7	44153306	C	T	7.879
7	44153367	C	T	5.009
7	44188944	C	T	0.24
9	127815951	G	A	2.104
9	127816033	C	T	0.485
9	127818173	C	T	4.328
9	127818296	C	T	0.638
9	127818828	T	G	0.251
X	135985578	C	G	0.015
X	135985650	G	T	2.422
X	135985673	C	G	-0.1
X	135998486	A	T	5.795
X	135998551	G	A	1.99
X	153688600	G	T	0.962
X	153691466	G	A	0.573
X	153694160	C	G	-0.014
X	153694768	A	C	4.426
X	154030387	C	T	6.148
X	154030395	C	T	6.148
X	154030609	C	T	4.205
X	154030620	G	A	3.114
X	154030633	G	A	2.538
X	154030677	G	A	0.209
X	154030681	G	A	3.657
X	154030696	C	A	2.281
X	154030696	C	T	2.281
X	154030714	G	A	4.655
X	154030744	G	A	4.862
X	154030747	G	A	1.479
X	154030747	G	C	1.479
X	154030892	G	A	-0.455
X	154030969	C	G	3.392
X	154031080	G	A	4.931
X	154031137	C	T	3.569
X	154031301	G	T	9.386
X	154031311	G	C	6.248
X	154032369	G	A	4.778
X	18575402	G	A	10.003
X	18604120	A	C	4.044
X	18604158	A	G	8.942
X	18604503	C	T	5.469
X	18604608	A	G	1.007
X	18609525	C	G	4.436
X	18613199	A	G	1.022
X	18619908	A	G	7.364
X	18625216	G	A	4.834
X	18646032	G	C	0.206
X	18646076	C	T	-0.347
X	18650469	G	T	0.799
X	18650539	C	T	-0.14
X	18650545	T	G	0.361
X	18650553	C	T	-0.077
X	18653482	G	A	-0.945
X	71107785	T	C	1.37
X	71107869	C	T	1.838
X	71110552	G	A	-0.356
X	71110626	A	G	1.754
X	71110647	T	A	0.781
10	14935521	C	T	7.426
10	14936554	A	G	8.109
10	14945145	A	T	7.765
10	14945171	G	T	4.249
10	14949057	A	T	7.964
10	14953916	G	A	6.94
10	14953916	G	C	6.94
10	14953929	C	G	6.992
10	14953964	A	G	8.172
10	71511163	A	G	7.68
10	87864513	G	A	8.949
10	87864513	G	C	8.949
10	87864528	G	T	8.954
10	87864533	G	C	8.954
10	87894024	G	C	9.418
10	87894025	A	C	8.777
10	87894025	A	G	8.777
10	87894036	A	G	8.777
10	87894051	G	A	9.418
10	87894051	G	C	9.418
10	87894085	G	A	9.377
10	87925512	G	A	9.286
10	87925518	T	G	7.425
10	87925529	C	G	7.323
10	87925530	A	G	8.654
10	87925546	G	T	6.082
10	87925557	T	C	7.425
10	87933037	A	C	8.871
10	87933046	C	T	7.506
10	87933073	G	A	9.52
10	87933090	T	C	7.611
10	87933093	C	G	5.797
10	87933161	G	C	9.525
10	87933181	A	C	8.875
10	87933236	G	T	9.525
10	87952125	C	A	7.464
10	87952145	T	A	7.568
10	87952146	A	G	8.82
10	87952189	T	A	1.202
10	87957940	T	C	7.615
10	87957958	T	C	7.615
10	87960922	C	G	7.533
10	87961039	T	C	4.787
10	87961056	A	T	8.823
11	108245000	C	T	7.325
11	108272591	T	C	6.227
11	108289759	T	C	7.709
11	108335962	G	A	9.056
11	108345818	C	T	4.998
11	108345870	G	C	9.981
1	11139429	C	A	5.567
1	11157153	A	G	8.907
11	14294851	C	T	7.858
1	114716090	A	T	9.325
11	36575399	C	T	4.249
11	36576118	T	G	0.432
11	36592773	G	A	7.304
11	36592812	A	T	8.867
11	36592831	G	C	0.743
11	36592837	G	C	1.077
11	36592860	C	T	7.503
11	36592922	C	A	7.503
11	36593214	C	A	7.565
11	36593886	C	T	7.568
11	36593952	G	A	6.411
11	36593976	C	A	5.605
11	36594166	C	T	7.568
11	533881	C	T	7.768
1	171635945	T	A	-0.827
1	171635998	G	A	5.449
1	171636000	G	C	2.527
1	171636010	A	T	9.275
1	171636092	T	A	2.228
1	171636127	G	A	4.954
1	171636164	C	A	6.105
1	171636173	T	C	6.238
1	171636290	C	T	7.864
1	171636302	C	A	7.864
1	171636302	C	G	7.864
1	171636349	C	A	6.075
1	171636353	C	T	7.864
1	171636419	A	G	1.837
1	171636464	C	G	7.772
1	171636473	C	T	3.374
1	171636679	G	A	9.569
1	171636686	C	T	3.189
1	171636688	A	G	7.134
1	171636704	C	T	5.827
1	173903968	G	A	9.145
1	173903978	C	T	7.218
1	173904010	C	G	7.218
1	173911798	C	T	7.568
1	173911974	T	G	4.758
1	173911984	T	C	5.95
1	173914726	G	T	2.558
11	77156022	T	A	8.003
11	77158404	T	A	8.017
11	77160265	C	T	1.562
11	77160980	A	G	9.325
11	77172799	T	C	7.57
11	77179925	G	A	9.955
11	77181589	G	T	6.162
11	77189386	C	A	0.445
11	77190808	G	C	3.07
11	77207350	T	C	7.613
11	77211162	A	G	7.06
11	77211909	C	T	7.56
11	77214608	G	A	9.547
12	102839216	C	A	5.924
12	102839219	C	G	4.318
12	102839220	T	C	6.006
12	102840398	A	G	8.813
12	102840399	C	A	7.458
12	102840411	T	A	7.562
12	102840414	G	A	9.457
12	102840426	A	G	8.813
12	102840430	G	T	7.5
12	102840453	A	C	8.813
12	102840453	A	G	8.813
12	102840456	C	A	5.749
12	102840465	T	C	7.562
12	102840466	A	C	8.813
12	102840468	G	T	9.543
12	102840483	G	T	9.543
12	102840486	A	C	8.892
12	102840487	A	T	8.892
12	102840495	G	A	9.543
12	102840497	T	C	-0.03
12	102840498	A	G	8.892
12	102840499	T	C	7.628
12	102840515	C	A	1.57
12	102843644	A	C	7.504
12	102843649	A	G	9.325
12	102843658	T	C	8.017
12	102843661	G	T	9.999
12	102843664	T	G	8.015
12	102843665	C	A	5.015
12	102843665	C	G	5.015
12	102843673	C	G	6.085
12	102843682	A	G	9.322
12	102843686	A	C	9.322
12	102843686	A	G	9.322
12	102843689	A	C	9.322
12	102843691	A	G	6.22
12	102843699	G	C	4.25
12	102843715	T	C	6.253
12	102843716	A	C	9.322
12	102843722	G	C	9.999
12	102843727	G	T	7.074
12	102843728	C	T	-0.049
12	102843730	G	C	5.033
12	102843731	T	A	6.269
12	102843736	T	C	5.089
12	102843740	G	C	2.459
12	102843743	C	T	5.017
12	102843748	G	T	6.869
12	102843761	G	A	8.036
12	102843764	T	G	2.335
12	102843769	G	A	9.981
12	102843771	T	A	-0.078
12	102843776	A	C	4.023
12	102844335	C	A	7.905
12	102844335	C	T	7.905
12	102844347	C	G	7.905
12	102844353	A	T	9.325
12	102844355	G	T	10.003
12	102844358	A	G	9.325
12	102844368	C	T	7.905
12	102844370	C	T	7.905
12	102844371	C	T	7.905
12	102844374	A	C	9.325
12	102844374	A	T	9.325
12	102844378	C	G	0.156
12	102844379	T	G	2.801
12	102844385	G	A	6.081
12	102844394	T	C	8.017
12	102844400	C	G	7.905
12	102844403	A	G	9.325
12	102844407	C	T	7.905
12	102844419	T	C	8.017
12	102844424	C	G	6.058
12	102844427	T	C	8.017
12	102844432	C	A	7.905
12	102844432	C	G	7.905
12	102844432	C	T	7.905
12	102844433	T	C	8.017
12	102844433	T	G	8.017
12	102846894	C	T	7.565
12	102846899	G	C	9.598
12	102846929	C	T	4.646
12	102846939	C	T	7.565
12	102846942	G	C	4.181
12	102846944	C	T	7.565
12	102851688	T	C	7.674
12	102851689	G	T	9.602
12	102851692	A	C	8.947
12	102851692	A	G	8.947
12	102851696	C	A	0.868
12	102851700	G	A	9.602
12	102851709	C	A	3.046
12	102851710	G	A	3.22
12	102851724	G	A	9.602
12	102851731	G	A	9.602
12	102851740	G	C	6.553
12	102851749	A	G	6.969
12	102851752	T	C	0.787
12	102852815	G	A	10.003
12	102852816	G	A	10.003
12	102852824	G	C	10.003
12	102852825	T	C	8.017
12	102852830	A	C	7.445
12	102852830	A	T	7.445
12	102852831	T	C	4.983
12	102852833	G	C	10.003
12	102852839	G	A	8.129
12	102852844	A	C	0.75
12	102852845	T	C	8.017
12	102852854	T	C	8.017
12	102852856	C	G	2.247
12	102852861	T	G	8.017
12	102852863	C	T	4.787
12	102852872	A	C	9.325
12	102852884	A	G	9.325
12	102852902	C	G	7.905
12	102852911	A	T	9.325
12	102852918	C	G	7.905
12	102852918	C	T	7.905
12	102852920	G	A	10.003
12	102852926	G	A	10.003
12	102852927	G	A	10.003
12	102852929	C	A	7.905
12	102852938	A	G	9.325
12	102852941	C	A	7.905
12	102852945	T	C	4.91
12	102852945	T	G	4.91
12	102855148	G	C	4.135
12	102855153	A	G	9.325
12	102855154	C	T	1.651
12	102855156	T	C	8.017
12	102855158	T	G	0.766
12	102855162	A	T	9.325
12	102855163	G	C	5.9
12	102855166	G	A	10.003
12	102855166	G	T	10.003
12	102855168	G	A	10.003
12	102855169	G	C	10.003
12	102855174	T	A	8.017
12	102855177	T	A	6.267
12	102855177	T	C	6.267
12	102855180	T	C	5.083
12	102855183	T	G	0.186
12	102855193	A	C	9.325
12	102855207	A	G	9.325
12	102855222	T	C	3.271
12	102855225	T	C	8.017
12	102855229	C	T	7.905
12	102855233	G	C	4.254
12	102855234	C	T	7.905
12	102855237	G	A	10.003
12	102855238	C	T	7.905
12	102855239	A	C	-0.167
12	102855241	G	A	10.003
12	102855251	C	G	0.367
12	102855261	A	G	9.325
12	102855279	C	A	4.959
12	102855279	C	T	4.959
12	102855281	C	G	7.905
12	102855283	A	G	9.325
12	102855297	T	C	4.128
12	102855307	A	G	9.325
12	102855307	A	T	9.325
12	102855309	T	A	5.253
12	102855319	G	A	10.003
12	102855322	T	C	6.223
12	102855326	C	A	2.058
12	102855330	C	G	7.905
12	102855331	C	T	7.905
12	102866599	C	T	2.062
12	102866600	G	A	1.07
12	102866605	T	A	0.267
12	102866611	G	T	6.647
12	102866612	C	T	5.24
12	102866615	T	C	5.31
12	102866641	C	G	5.24
12	102866642	G	A	2.866
12	102866644	T	A	5.31
12	102866644	T	C	5.31
12	102866645	A	G	6.199
12	102866662	C	A	5.24
12	102866662	C	T	5.24
12	102866663	C	G	5.24
12	102866663	C	T	5.24
12	102877463	G	A	9.183
12	102877464	G	A	9.183
12	102877469	T	A	7.382
12	102877508	G	A	9.183
12	102877517	T	C	7.382
12	102877539	G	A	9.183
12	102877542	A	C	8.567
12	102877548	G	A	9.183
12	102894734	C	T	7.033
12	102894758	G	A	8.899
12	102894776	G	A	2.77
12	102894786	C	T	2.471
12	102894794	A	G	8.297
12	102894795	A	C	1.339
12	102894804	T	A	2.732
12	102894845	G	T	5.354
12	102894863	T	A	7.131
12	102894863	T	C	7.131
12	102894864	C	G	7.033
12	102894875	C	T	3.36
12	102894878	G	A	8.899
12	102894879	A	G	8.297
12	102894882	G	A	8.899
12	102894891	C	T	7.033
12	102894893	A	T	8.297
12	102894902	A	G	8.297
12	102894904	G	C	1.145
12	102912790	C	A	5.034
12	102912795	A	G	5.968
12	102912798	A	G	3.407
12	102912802	G	A	2.959
12	102912804	A	G	5.968
12	102912819	G	A	6.402
12	102912823	C	G	5.034
12	102912834	T	A	5.101
12	102912837	A	G	5.968
12	102912849	A	G	5.968
12	102917128	C	G	3.256
12	102917129	A	G	3.852
12	112450347	T	C	8.008
12	112472969	T	A	3.974
12	120978769	A	C	7.33
12	120978784	A	T	6.208
12	120978796	A	C	0.604
12	120978802	C	G	4.144
12	120978802	C	T	4.144
12	120978803	T	G	5.545
12	120978826	G	C	9.205
12	120978827	G	A	9.205
12	120978827	G	C	9.205
12	120978845	T	C	7.469
12	120978850	C	T	2.97
12	120978866	C	T	2.283
12	120978985	G	T	6.603
12	120979027	A	T	4.255
12	120979087	C	A	2.599
12	120979088	T	C	5.536
12	120979088	T	G	5.536
12	120979096	T	G	7.227
12	120988831	A	T	8.866
12	120988849	G	T	9.514
12	120988864	A	G	8.866
12	120988866	G	C	1.269
12	120988871	A	G	8.866
12	120988873	C	G	2.548
12	120988894	C	G	7.503
12	120988896	G	T	5.432
12	120988898	G	T	9.514
12	120988901	A	T	8.866
12	120988903	G	A	9.514
12	120988921	C	G	3.073
12	120988921	C	T	3.073
12	120988922	T	C	7.608
12	120988935	C	G	1.945
12	120988981	C	G	0.672
12	120989004	C	A	-0.923
12	120989017	C	G	1.566
12	120989023	G	A	5.94
12	120993609	T	A	7.535
12	120993612	G	T	9.42
12	120993619	C	A	7.431
12	120993630	A	T	8.778
12	120993663	C	T	7.431
12	120993669	A	G	8.778
12	120993678	C	G	0.58
12	120993687	C	G	-0.29
12	120993688	T	C	7.512
12	120993690	G	T	9.39
12	120993693	G	T	9.39
12	120993702	A	C	8.702
12	120993702	A	G	8.702
12	120993703	A	G	8.702
12	120994171	T	C	7.608
12	120994171	T	G	7.608
12	120994187	T	G	7.599
12	120994229	C	A	7.494
12	120994229	C	G	7.494
12	120994231	G	A	9.503
12	120994240	G	T	9.503
12	120994252	T	A	7.599
12	120994252	T	C	7.599
12	120994253	T	C	7.599
12	120994261	C	G	2.818
12	120994277	C	G	7.494
12	120997666	G	A	8.642
12	120997666	G	T	8.642
12	120999482	G	A	4.308
12	120999628	G	C	1.551
12	120999628	G	T	1.551
1	215675037	T	C	4.853
1	215675337	G	A	3.103
1	215728383	G	A	7.646
1	216000442	G	T	6.281
1	216072887	A	G	6.782
1	216078145	A	T	8.407
1	216250989	C	T	7.16
12	25227330	C	A	7.892
12	51786552	A	G	9.325
12	51915434	C	T	7.899
12	6016592	C	A	6.202
12	6019174	C	T	4.686
12	6019193	C	A	2.907
12	6019223	G	A	2.076
12	6019474	C	T	6.986
12	6019489	G	A	4.744
12	6036388	C	T	6.621
13	20188998	A	G	9.268
13	20189019	T	C	7.969
13	20189355	A	G	9.268
13	20189472	A	G	9.263
13	20189475	A	G	7.405
13	20189548	C	A	7.854
13	20189581	T	A	7.855
1	40819463	G	C	10.003
14	23413809	C	T	6.064
14	23413823	C	G	7.784
14	23415153	C	T	6.051
14	23415652	G	A	0.178
14	23417598	G	A	1.774
14	23419993	C	T	7.65
14	23422256	C	T	7.762
14	23422291	C	A	7.762
14	23423984	C	T	7.74
14	23424840	G	A	1.144
14	23424842	C	T	0.918
14	23424846	C	G	3.114
14	23424855	T	C	7.748
14	23425997	G	T	9.671
14	23426046	G	A	4.718
14	23428992	A	G	6.065
14	23429044	C	T	4.828
14	23429329	T	C	7.769
14	23429807	C	T	5.935
14	23429901	C	T	0.647
14	23431602	C	T	7.735
14	23431608	G	A	0.295
14	23431789	C	T	3.66
14	23432713	C	T	4.908
14	28767844	C	G	3.923
14	28767852	G	A	5.591
14	28767899	T	C	7.874
14	28767949	G	A	7.967
14	28767964	A	C	7.394
14	95091265	T	A	7.502
14	95091265	T	C	7.502
14	95094114	T	A	7.61
14	95096172	A	C	8.911
14	95107888	A	G	9.211
14	95108014	G	A	3.233
14	95117622	C	G	5.837
14	95132584	C	A	7.59
15	25339193	G	A	10.003
15	25354684	C	T	6.157
15	25370598	G	A	4.302
15	45362143	C	T	7.312
15	45362144	G	A	9.276
15	45366406	G	A	3.009
15	45368137	T	G	7.58
15	45368192	C	G	7.476
15	45376673	C	T	7.525
15	48411118	G	A	3.519
15	48411228	T	C	7.994
15	48415585	C	A	7.905
15	48421680	T	C	8.017
15	48425413	C	A	7.905
15	48427755	C	T	7.905
15	48427768	G	A	3.69
15	48430676	C	G	7.905
15	48430722	A	G	9.325
15	48434669	A	G	9.325
15	48434705	C	A	7.905
15	48437827	C	T	7.894
15	48444546	C	T	5.736
15	48445408	T	C	7.695
15	48446747	C	T	7.851
15	48452589	G	A	2.59
15	48468468	T	C	6.118
15	48472607	T	C	3.369
15	48474534	A	G	9.26
15	48487318	A	G	8.666
15	48495131	C	T	7.905
15	48495140	C	T	7.905
15	48495176	C	T	7.905
15	48497272	A	G	8.947
15	48513599	C	A	7.568
15	48513656	C	G	7.568
15	48515465	G	A	4.801
15	48515476	C	T	7.568
15	48520733	C	T	7.713
15	48520776	G	A	7.762
15	48526207	C	T	7.84
15	48537718	C	T	7.905
15	48610736	G	C	7.553
15	48613058	A	G	8.604
15	66435104	T	C	7.902
15	89317446	C	A	0.787
15	89317496	G	A	9.597
15	89318737	G	A	4.227
16	23630080	G	A	1.448
16	68808568	G	A	8.923
16	68811859	G	T	9.602
16	68811861	T	C	7.674
16	68812183	G	A	0.064
16	68812265	T	C	5.818
16	68813496	G	C	8.505
16	68819417	C	G	-0.205
16	68819426	G	A	8.841
16	68828173	G	C	7.625
16	68829652	A	G	9.254
16	68829653	G	A	7.954
16	68833288	A	G	7.508
16	68833296	A	T	3.53
16	68833355	T	G	-1.235
1	68429927	C	T	7.905
1	68431071	C	T	7.491
1	68431097	A	T	8.853
1	68431292	A	G	8.853
1	68431319	G	T	7.38
1	68431328	T	C	7.55
1	68431367	A	T	8.798
1	68431371	C	G	7.446
1	68431376	G	A	9.442
1	68438212	T	C	7.581
1	68438943	C	G	7.568
1	68439081	C	A	5.781
1	68439294	A	G	8.947
1	68440960	G	A	9.463
1	68444592	G	T	9.374
1	68444593	C	G	7.388
1	68444596	A	C	8.735
1	68444607	C	T	7.388
1	68444798	G	T	9.374
1	68446812	C	T	7.562
1	68448653	A	G	8.939
1	68448663	C	T	4.453
17	18145935	A	T	3.668
17	18161449	T	C	7.286
17	28530798	G	C	10.003
17	28534365	A	G	9.325
17	28534377	T	C	8.017
17	28534452	C	T	7.905
17	28534938	T	A	0.551
17	43063936	C	T	4.855
17	44374463	G	T	2.774
17	44374738	A	T	4.094
17	44375011	G	A	0.597
17	44375039	C	A	0.518
17	44375718	T	C	0.846
17	44375966	C	T	2.269
17	44376089	T	C	1.935
17	44376096	G	T	3.766
17	44377713	C	T	5.973
17	44377735	A	G	5.343
17	44378393	G	A	5.241
17	44378427	C	T	6.465
17	44379815	C	T	6.733
17	44380283	A	T	0.092
17	44380293	A	T	3.702
17	44380610	C	G	2.312
17	44380911	C	T	7.758
17	44380926	C	T	7.809
17	44381013	A	G	5.007
17	44381062	C	G	5.872
17	44383502	C	A	6.01
17	44383682	C	T	7.723
17	44383907	C	A	0.668
17	44383930	C	A	4.863
17	44383931	C	A	5.981
17	44383933	A	G	6.045
17	44383939	G	A	7.894
17	44384313	C	G	0.293
17	44384316	C	T	1.259
17	44384345	A	T	1.351
17	44384543	G	A	2.981
17	44384567	C	T	2.686
17	44384573	G	C	3.802
17	44384585	C	T	2.682
17	44384587	T	C	5.236
17	44384949	C	T	-0.026
17	44385175	T	C	1.202
17	44385187	G	A	3.241
17	44385193	A	C	4.379
17	44385290	G	A	4.589
17	44385309	C	T	3.548
17	44385554	A	C	0.498
17	44385567	G	C	0.998
17	44385570	A	C	-0.047
17	44385598	G	A	7.444
17	44385598	G	T	7.444
17	44385605	A	G	6.941
17	44385645	G	C	2.332
17	44385649	C	A	6.21
17	44385650	C	T	6.21
17	44385702	C	A	1.529
17	44385709	G	A	8.056
17	44385711	G	T	0.153
17	44385717	C	T	6.374
17	44386108	G	C	5.745
17	44389286	C	T	2.27
17	44389415	A	C	3.413
17	44389426	C	T	1.484
17	47274454	T	G	6.797
17	47283375	C	T	7.713
17	47283541	T	A	5.505
17	47284442	G	A	10.003
17	47284473	G	C	5.557
17	47284503	A	G	9.325
17	47284509	T	C	8.017
17	47284514	G	A	10.003
17	47284529	A	G	9.325
17	47284644	C	T	4.91
17	47284696	G	T	10.003
17	47286291	T	C	8.017
17	47286292	A	G	3.423
17	47286300	G	A	6.835
17	47286363	C	T	2.175
17	47286372	G	C	10.003
17	47286394	A	G	9.325
17	47286405	C	A	7.905
17	47286406	A	G	9.325
17	47287134	A	C	9.325
17	47287148	G	A	10.003
17	47287169	C	T	2.673
17	47287209	A	C	1.435
17	47289679	A	G	9.325
17	47289681	G	T	10.003
17	47289682	A	C	9.325
17	47289730	T	A	8.017
17	47289772	A	C	8.947
17	47289772	A	G	8.947
17	47290243	A	G	9.325
17	47292266	G	C	9.984
17	47292326	G	A	10.003
17	47292336	C	G	2.802
17	47292373	T	C	8.017
17	47292472	T	C	8.017
17	47292473	G	A	10.003
17	47292473	G	T	10.003
17	47292517	T	G	8.017
17	47292519	C	G	-0.634
17	47292524	G	C	10.003
17	47299319	T	C	7.98
17	47299418	T	G	7.98
17	47299430	G	A	9.955
17	47299431	G	A	9.955
17	47307483	G	T	5.59
17	47310138	G	A	9.237
17	7220120	A	C	1.603
17	7220198	G	A	4.292
17	7220480	C	G	1.356
17	7220515	A	T	1.798
17	7220524	A	T	0.461
17	7220664	C	T	5.242
17	7220765	G	A	8.764
17	7220831	G	A	8.783
17	7220924	G	T	8.697
17	7220945	A	G	8.11
17	7221000	G	A	8.783
17	7221014	C	T	6.947
17	7221540	C	G	-2.25
17	7221541	G	A	7.033
17	7221575	T	C	7.074
17	7221598	G	A	8.858
17	7221613	G	A	8.858
17	7221662	A	G	8.168
17	7221663	C	G	0.896
17	7221665	T	C	7.024
17	7221679	T	C	0.361
17	7221951	G	A	8.292
17	7221966	G	A	6.674
17	7221966	G	C	6.674
17	7221972	T	C	6.839
17	7221981	G	A	8.522
17	7221993	G	A	6.689
17	7221997	C	G	6.707
17	7222075	G	A	6.898
17	7222175	A	C	7.707
17	7222175	A	G	7.707
17	7222203	C	T	4.959
17	7222214	A	G	7.806
17	7222289	G	A	8.338
17	7222303	G	C	8.108
17	7222684	A	T	7.34
17	7222741	C	T	6.21
17	7222866	G	A	6.621
17	7222866	G	T	6.621
17	7223152	G	A	6.94
17	7223199	A	C	6.376
17	7223201	G	C	1.357
17	7223228	T	A	0.02
17	7223238	G	A	6.927
17	7223681	G	C	7.02
17	7223731	G	A	8.819
17	7223837	G	T	8.511
17	7223984	G	A	6.398
17	7223993	G	A	8.535
17	7224002	G	A	8.535
17	7224007	T	C	6.845
17	7224040	C	T	1.829
17	7224041	G	A	8.535
17	7224179	G	C	4.203
17	7224244	G	A	4.516
17	7224245	T	C	3.959
17	7224395	T	A	4.631
17	7224395	T	C	4.631
17	7224966	C	T	1.895
17	7224972	C	T	1.462
17	7670678	A	G	8.183
17	7674962	G	A	7.957
17	7675074	C	T	5.031
17	7675088	C	A	6.163
17	7675216	C	G	1.067
17	80104587	A	T	1.383
17	80104590	G	T	0.507
17	80104862	C	A	-1.69
17	80105873	G	A	5.562
17	80107660	C	T	-0.004
17	80107705	C	T	2.234
17	80107717	C	T	7.787
17	80107837	T	G	7.851
17	80107894	T	A	6.077
17	80108337	G	A	7.562
17	80108338	G	A	7.562
17	80108495	C	G	7.394
17	80108512	T	C	7.498
17	80108516	G	A	0.452
17	80108537	G	T	7.557
17	80108724	A	G	2.557
17	80110018	T	C	7.48
17	80110020	A	T	4.802
17	80110055	G	C	6.196
17	80110056	G	A	9.23
17	80110734	C	G	7.415
17	80110734	C	T	7.415
17	80110767	C	T	5.696
17	80110826	G	A	9.395
17	80110827	A	G	8.755
17	80110953	C	T	6.022
17	80112015	A	T	1.283
17	80112016	T	G	5.667
17	80112056	C	G	4.487
17	80112062	C	G	3.713
17	80112604	G	A	9.796
17	80112604	G	C	9.796
17	80112619	C	A	7.749
17	80112643	G	A	9.796
17	80112654	G	A	9.796
17	80112655	G	A	4.516
17	80112664	C	T	3.267
17	80112666	G	A	9.796
17	80112890	A	G	3.544
17	80112892	C	A	0.82
17	80112928	C	A	-1.201
17	80112948	C	A	1.158
17	80113002	G	A	9.859
17	80117092	T	C	7.51
17	80117598	A	G	2.39
17	80117723	C	T	2.301
17	80117724	G	C	9.077
17	80118359	T	A	5.352
17	80118710	C	T	-0.345
17	80118746	C	T	-0.229
18	55228900	A	G	9.325
18	55228982	G	A	10.003
18	55228985	C	A	7.905
18	55234548	C	A	5.023
18	55257375	C	T	7.195
18	55275649	G	C	3.712
19	11089549	A	G	2.207
19	11089550	T	C	1.766
19	11089551	G	A	2.418
19	11089551	G	T	2.418
19	11089592	T	C	3.104
19	11102714	C	T	4.828
19	11102738	T	C	7.975
19	11102741	G	T	9.948
19	11102742	A	C	9.275
19	11102771	G	A	8.057
19	11102772	A	G	9.275
19	11105249	C	T	1.585
19	11105346	C	T	5.714
19	11105448	C	G	1.847
19	11105457	G	C	9.721
19	11105496	G	T	7.519
19	11105570	T	C	7.924
19	11105571	G	T	9.883
19	11105599	C	G	-0.338
19	11106597	T	C	8.009
19	11106667	A	G	9.315
19	11106667	A	T	9.315
19	11107420	C	A	0.043
19	11107432	C	A	-1.351
19	11107472	A	G	-0.651
19	11107484	G	T	9.81
19	11107486	C	G	0.65
19	11107493	G	A	9.872
19	11107494	A	G	9.205
19	11107511	T	C	7.915
19	11110678	G	T	6.615
19	11110685	G	A	9.684
19	11110688	C	T	5.874
19	11110714	G	A	9.684
19	11110714	G	T	9.684
19	11110739	G	A	9.655
19	11110739	G	T	9.655
19	11110760	G	C	0.384
19	11110766	G	A	9.55
19	11111520	A	C	9.215
19	11111520	A	T	9.215
19	11111522	G	A	9.883
19	11111586	A	C	9.109
19	11111639	G	A	4.981
19	11113308	G	A	4.315
19	11113308	G	C	4.315
19	11113313	G	A	9.816
19	11113314	A	T	9.125
19	11113329	C	T	1.705
19	11113382	G	C	8.011
19	11113392	C	A	1.051
19	11113537	C	A	7.525
19	11113609	G	A	8.016
19	11113620	G	C	8.032
19	11113621	A	G	7.386
19	11116125	G	T	7.969
19	11116874	G	A	8.005
19	11116892	C	T	7.794
19	11116927	G	A	9.858
19	11116937	G	T	7.973
19	11120101	T	C	7.848
19	11120102	T	C	1.619
19	11120102	T	G	1.619
19	11120188	T	C	1.005
19	11120197	G	A	9.784
19	11120197	G	T	9.784
19	11120201	T	C	7.848
19	11120211	C	G	0.974
19	11120382	G	A	9.176
19	11120405	G	A	7.886
19	11120480	G	A	9.936
19	11120481	A	G	6.187
19	11129596	A	G	9.108
19	11129598	C	G	-0.092
19	11129654	G	A	9.772
19	11129669	C	A	3.798
19	1397480	A	G	7.128
19	1398922	C	A	5.774
19	1398980	C	T	5.839
19	1398989	A	G	7.076
19	1398995	C	T	5.845
19	1399005	T	A	4.955
19	1399010	A	G	5.934
19	1399148	G	A	7.96
19	1399168	G	T	6.735
19	1399184	C	A	6.053
19	1399523	C	G	5.836
19	1399524	C	G	4.808
19	1399587	C	A	1.57
19	1399588	C	T	4.73
19	1399846	T	C	7.703
19	1399859	C	T	5.997
19	1399887	A	T	8.997
19	1399900	C	G	5.981
19	1399918	C	A	7.631
19	1401317	C	G	4.65
19	1401325	T	G	4.842
19	1401329	T	G	7.683
19	1401362	T	C	5.951
19	1401363	G	A	0.049
19	1401476	T	C	3.658
19	17837171	G	A	3.531
19	17844243	T	A	3.344
19	38433867	T	G	4.24
19	38440796	A	G	9.177
19	38440829	C	T	2.579
19	38444187	C	A	7.872
19	38444257	A	G	9.285
19	38446710	G	A	7.588
19	38448673	C	T	-0.08
19	38451843	G	T	9.856
19	38455359	A	G	9.309
19	38455463	G	A	8.026
19	38455489	T	C	8
19	38455489	T	G	8
19	38455504	G	T	9.981
19	38455528	C	T	0.91
19	38466386	G	C	9.956
19	38485838	C	T	1.264
19	38494426	G	C	9.935
19	38494464	C	G	-1.896
19	38494565	G	C	9.935
19	38494565	G	T	9.935
19	38496278	C	G	-2.449
19	38496294	G	T	10.003
19	38496901	G	A	7.531
19	38499642	C	A	-0.09
19	38499650	A	G	9.317
19	38499667	G	A	9.987
19	38499683	G	A	9.987
19	38499691	G	A	9.987
19	38499697	T	G	8.005
19	38499730	G	A	9.873
19	38499975	G	A	9.982
19	38499984	G	A	9.982
19	38499984	G	T	9.982
19	38499997	G	T	9.982
19	38500003	C	T	7.89
19	38500636	C	T	-0.811
19	38500640	T	C	8.009
19	38500654	C	T	1.061
19	38500655	G	T	9.992
19	38500898	C	T	0.388
19	38500899	G	A	9.992
19	38502923	G	C	9.924
19	38504319	C	T	1.02
19	38512321	G	A	10.003
19	38534775	G	A	9.999
19	38543365	G	A	9.913
19	38548287	C	A	7.868
19	38565034	G	C	7.997
19	38565034	G	T	7.997
19	38577954	C	T	1.314
19	38580114	C	T	7.897
19	38580370	C	G	3.381
19	38585099	G	A	9.967
19	38586140	C	T	7.745
19	4110559	A	G	9.097
20	44355806	T	A	4.659
20	44355806	T	C	4.659
20	44355807	G	A	5.868
20	44406132	G	A	9.917
20	44406133	G	T	9.917
20	44406229	G	A	9.917
20	44407434	G	A	9.993
20	44407460	G	A	9.993
20	44407465	G	A	9.993
20	44413714	C	T	2.502
20	44414505	A	G	8.905
20	44414506	G	A	9.548
20	44414578	T	A	-1.285
20	44414594	C	T	7.905
20	44414633	G	A	8.085
20	44414657	G	T	10.003
20	44414663	G	A	10.003
20	44414663	G	C	10.003
20	44419741	C	T	4.12
20	44419783	C	G	4.093
20	44419828	G	T	9.994
20	44419837	G	C	9.994
20	44424060	G	C	10.003
20	44424060	G	T	10.003
20	44424092	A	T	6.367
20	44424117	G	A	10.003
20	44424117	G	T	10.003
20	44424123	G	T	10.003
20	44424129	G	T	10.003
20	44620297	A	T	2.499
20	44621103	G	A	6.502
20	44622846	C	A	0.756
20	44622906	G	A	2.391
20	44623054	G	A	5.172
20	44624201	C	A	7.005
20	44624205	G	T	-0.911
20	44624292	G	T	2.117
20	44624297	T	A	7.405
20	44625602	G	A	4.528
20	44625686	T	C	5.762
20	44626601	T	C	7.539
20	44629064	G	C	1.854
21	34792161	C	A	7.341
21	34792233	G	A	9.291
21	34792336	G	C	3.668
21	34792357	G	C	2.533
21	34792357	G	T	2.533
21	34792415	G	T	8.951
21	34792460	G	T	3.951
21	34792575	G	A	5.112
21	34799303	G	C	8.42
21	34799463	C	T	7.234
21	34834593	G	A	7.801
21	34859477	G	C	1.276
21	34859491	C	T	7.899
21	34859494	T	A	8.011
21	34859494	T	G	8.011
21	34859495	C	A	7.899
21	34859495	C	T	7.899
21	34859501	T	C	8.011
21	34859505	T	G	0.111
21	34880556	C	A	7.568
21	34880559	C	A	7.568
21	34880563	C	A	7.568
21	34880579	C	A	2.33
21	34880579	C	G	2.33
21	34880580	C	T	7.568
21	34880598	G	T	9.602
21	34880664	G	A	9.602
21	34886841	A	G	5.557
21	34886841	A	T	5.557
21	34886864	C	A	2.344
21	34886864	C	G	2.344
21	34886874	C	T	7.426
21	34886875	G	A	1.429
21	34886878	A	G	8.773
21	34886878	A	T	8.773
21	34886879	G	T	2.642
21	34886880	T	G	5.758
21	34886914	T	G	7.53
21	34887098	T	C	7.598
2	165389442	T	C	7.98
2	166041343	G	A	9.999
2	202464985	T	G	1.915
2	202520142	G	A	7.473
2	202530866	G	A	9.927
22	20990476	G	A	9.946
22	20992304	C	T	1.199
2	26461855	G	A	6.696
2	26462182	C	T	6.176
2	26465723	C	T	7.905
2	26477750	C	G	6.015
2	28776964	G	C	10.003
2	39014838	A	T	8.923
2	39022773	C	A	7.798
2	39022774	T	A	3.657
2	39023152	G	T	9.861
2	39051164	A	G	9.197
2	39054822	A	G	8.636
3	10142111	G	T	6.043
3	12604201	A	G	9.32
3	12604202	C	A	-0.088
3	138372950	G	C	9.923
3	138372951	G	T	9.923
3	138397333	C	T	7.899
5	112780904	G	A	8.987
5	112828006	G	C	9.602
5	112828008	T	G	7.674
5	112838671	A	G	8.718
5	112838677	G	T	9.356
5	112838678	T	A	0.962
5	35867319	G	T	-0.379
5	35867349	C	T	0.627
5	35867439	A	T	1.331
5	35871070	C	T	4.471
5	35873646	C	G	-0.51
7	107674302	G	C	9.442
7	107675050	C	G	0.128
7	107683281	G	A	5.484
7	107689054	T	C	6.637
7	107700162	G	A	2.97
7	107701101	G	A	7.679
7	107701986	A	G	3.779
7	107710109	G	T	0.812
7	140777011	C	T	7.879
7	140778054	A	G	9.289
7	140801479	C	G	7.86
7	140801532	A	G	7.432
7	140801533	A	C	9.27
7	44145136	T	C	3.315
7	44145138	A	G	2.4
7	44145173	G	A	9.428
7	44145173	G	T	9.428
7	44145176	G	T	9.428
7	44145189	C	A	7.436
7	44145224	G	A	3.843
7	44145228	T	A	5.823
7	44145264	G	A	9.41
7	44145278	A	G	6.994
7	44145560	C	T	6.098
7	44145561	G	A	4.704
7	44145561	G	C	4.704
7	44145575	C	A	1.976
7	44145575	C	G	1.976
7	44145576	G	T	4.629
7	44145584	A	T	7.43
7	44145590	G	T	9.901
7	44145593	A	C	9.239
7	44145602	G	C	2.428
7	44145603	A	G	1.107
7	44145603	A	T	1.107
7	44145606	A	C	7.388
7	44145608	A	C	7.396
7	44145608	A	T	7.396
7	44145614	G	A	8.018
7	44145614	G	C	8.018
7	44145614	G	T	8.018
7	44145617	G	C	8.056
7	44145618	C	G	3.265
7	44145620	C	A	6.104
7	44145620	C	T	6.104
7	44145621	G	T	9.91
7	44145629	A	T	7.415
7	44145630	C	T	7.835
7	44145636	C	A	2.169
7	44145637	G	C	0.024
7	44145638	C	T	4.932
7	44145639	A	G	9.239
7	44145663	C	T	7.835
7	44145708	T	A	4.12
7	44145720	C	A	7.82
7	44146467	C	T	7.743
7	44146584	C	G	7.766
7	44146584	C	T	7.766
7	44146598	C	A	6.04
7	44146598	C	T	6.04
7	44146599	C	T	7.766
7	44147689	C	A	4.023
7	44147689	C	G	4.023
7	44147690	G	C	5.352
7	44147738	C	A	7.826
7	44147764	C	T	7.86
7	44147776	C	G	7.86
7	44147776	C	T	7.86
7	44147825	A	G	5.213
7	44149762	A	G	9.325
7	44149781	A	G	7.313
7	44149811	T	C	8.017
7	44149817	C	G	7.905
7	44149981	G	C	3.593
7	44149989	C	A	6.17
7	44149989	C	G	6.17
7	44150024	C	T	7.905
7	44150973	G	A	8.046
7	44150974	C	A	1.259
7	44150975	C	G	4.997
7	44150978	A	C	7.34
7	44150981	G	T	9.917
7	44150982	G	A	9.917
7	44150989	G	T	4.249
7	44151002	A	C	9.325
7	44151050	A	G	9.325
7	44151050	A	T	9.325
7	44151074	A	G	9.325
7	44151075	G	A	5.885
7	44151075	G	C	5.885
7	44151075	G	T	5.885
7	44152284	C	A	7.897
7	44152285	C	G	6.156
7	44153342	T	G	7.991
7	44153363	G	T	8.029
7	44153396	T	A	1.472
7	44153399	A	G	9.294
7	44153400	T	C	7.991
7	44153403	G	A	1.075
9	127818161	A	C	3.026
9	127825722	A	G	1.99
X	139530852	G	A	5.633
X	139561694	G	C	7.545
X	139561988	T	G	7.991
X	139562010	G	A	9.968
X	139562010	G	C	9.968
X	139562010	G	T	9.968
X	153690454	G	C	4.196
X	153691304	G	T	9.987
X	153691416	G	A	9.915
X	153691450	T	C	2.417
X	153691528	C	T	2.278
X	153692087	G	C	6.873
X	153693039	A	G	7.377
X	153693175	G	A	7.848
X	153693903	A	G	9.176
X	153693908	C	T	7.783
X	153693934	C	T	0.239
X	153693953	C	T	7.798
X	153693973	G	C	0.556
X	153694146	G	A	9.785
X	153694347	G	A	9.711
X	153694372	A	G	6.107
X	153694424	C	G	-0.298
X	153694753	C	T	4.822
X	153694803	G	C	9.797
X	153694807	G	A	9.82
X	153694821	T	C	3.242
X	154030367	T	C	6.234
X	154030918	T	C	7.24
X	154031178	G	A	5.108
X	154031359	A	T	8.817
X	154031374	G	C	9.464
X	154031376	T	C	7.604
X	154097665	T	A	1.868
X	154837638	T	A	0.489
X	154965993	C	T	6.366
X	154966453	G	T	5.084
X	154966483	A	C	7.421
X	18507134	T	C	6.715
X	18510820	G	A	8.052
X	18579855	T	C	8.017
X	18581941	T	C	8.017
X	18584268	G	C	10.003
X	18584269	C	T	7.905
X	18587977	A	G	8.947
X	19350033	C	T	2.925
X	71110205	C	T	4.418
X	71110950	G	T	1.809
X	71110982	A	T	4.924
X	71110985	G	A	1.687
X	71110991	C	A	1.169
X	71111052	T	C	1.362
X	71111440	C	A	1.911
10	110964362	A	G	8.492
10	14919747	G	A	-0.117
10	14934461	G	T	1.754
10	14934487	G	A	1.211
10	14934718	G	C	1.025
10	14936544	G	C	8.689
10	14936548	C	A	6.893
10	14945110	G	A	0.8
10	14945157	G	A	6.508
10	14949034	A	C	6.219
10	14953901	C	A	6.954
10	14953908	G	C	8.763
10	71570884	C	T	7.281
10	71705043	G	A	9.964
10	71791167	C	T	1.828
10	87864470	A	G	6.451
10	87864485	A	G	6.38
10	87894048	A	G	8.777
10	87894049	T	G	7.532
10	87894052	G	A	9.418
10	87894058	C	T	5.73
10	87894094	T	C	7.535
10	87925512	G	C	9.286
10	87925543	C	G	1.854
10	87931048	G	A	9.131
10	87933037	A	G	8.871
10	87933043	C	T	7.506
10	87933078	G	T	9.52
10	87933079	A	T	8.871
10	87933126	C	G	7.51
10	87933127	A	G	8.875
10	87933129	T	C	7.615
10	87933147	C	G	5.574
10	87933148	G	A	9.525
10	87933148	G	C	9.525
10	87933151	C	T	7.51
10	87933154	G	A	9.525
10	87933166	G	A	9.525
10	87933223	A	G	8.875
10	87933228	G	T	9.525
10	87933252	G	T	9.525
10	87933253	T	G	7.615
10	87952116	A	G	8.82
10	87952118	G	A	9.465
10	87952135	T	A	2.79
10	87952136	C	T	7.464
10	87952142	C	T	7.464
10	87952167	T	C	7.568
10	87952235	C	G	7.464
10	87952258	C	G	5.722
10	87952261	T	C	7.568
10	87957955	C	T	7.51
10	87957973	A	G	8.875
10	87957984	G	T	9.525
10	87960892	A	T	8.807
10	87960922	C	T	7.533
10	87960984	C	T	2.692
10	87961119	G	A	9.468
10	87965286	G	A	9.556
10	87965294	T	C	7.638
10	87965472	A	T	8.904
11	108227626	T	C	7.165
11	108235669	G	A	9.15
11	108250907	T	G	0.654
11	108251073	G	T	9.442
11	108259022	C	T	0.386
11	108272531	G	A	7.767
11	108272556	T	G	0.036
11	108301706	G	A	8.192
11	108319978	C	G	1.256
11	108329202	T	G	8.011
11	108347277	A	C	8.836
11	108353881	G	A	9.996
11	108365476	C	T	3.037
1	11114338	A	G	8.911
1	11124516	G	A	9.491
1	11124516	G	T	9.491
1	11128107	G	C	9.317
1	11128107	G	T	9.317
1	11157173	C	T	7.536
1	11157174	A	G	8.907
1	11157242	A	G	8.907
11	121146096	G	A	10.003
11	14294844	T	A	7.969
1	114713941	G	A	9.865
11	36573728	C	T	1.584
11	36574303	T	A	0.006
11	36574635	C	T	7.568
11	36576181	G	A	9.516
11	36592817	C	G	7.503
11	36593483	C	T	7.568
11	36593484	G	A	3.666
11	36594039	C	A	5.852
11	36594054	T	C	5.094
11	36594065	C	G	5.852
11	533553	T	C	4.136
11	533883	G	A	9.802
11	534286	C	A	6.086
11	534289	C	T	6.086
1	171636000	G	T	2.527
1	171636131	A	G	9.275
1	171636143	A	G	9.275
1	171636301	T	G	7.975
1	171636310	G	A	8.043
1	171636331	G	A	5.796
1	171636338	G	A	3.435
1	171636341	C	T	3.367
1	173903969	G	T	9.145
1	173903973	G	C	2.479
1	173904007	G	A	9.145
1	173904010	C	T	7.218
1	173904011	G	A	7.202
1	173909752	G	A	9.568
1	173909848	T	G	5.836
1	173909927	T	A	2.513
1	173910861	T	C	7.643
1	173911941	C	T	7.568
1	173914570	G	A	9.602
1	173914725	C	T	5.832
1	173914726	G	A	2.558
1	173914743	G	A	9.419
11	77156900	A	G	5.034
11	77184715	G	A	9.548
11	77205599	G	A	9.561
12	102839219	C	T	4.318
12	102839220	T	G	6.006
12	102840399	C	T	7.458
12	102840414	G	T	9.457
12	102840444	A	T	8.813
12	102840459	T	C	7.562
12	102840463	T	G	5.849
12	102840471	T	A	5.887
12	102840472	C	A	3.759
12	102840472	C	T	3.759
12	102840473	G	T	1.433
12	102840474	T	C	7.628
12	102840477	C	G	0.933
12	102840478	G	T	7.72
12	102840483	G	C	9.543
12	102840492	C	T	3.769
12	102840493	G	A	4.59
12	102840507	G	A	7.702
12	102840516	C	G	7.523
12	102840516	C	T	7.523
12	102840517	T	C	7.628
12	102840517	T	G	7.628
12	102843645	C	A	7.905
12	102843645	C	G	7.905
12	102843645	C	T	7.905
12	102843646	C	G	6.168
12	102843671	A	T	7.565
12	102843676	T	C	8.015
12	102843683	C	G	5.037
12	102843683	C	T	5.037
12	102843684	G	T	-0.041
12	102843688	T	C	8.015
12	102843698	G	A	9.999
12	102843701	A	G	9.322
12	102843706	G	A	7.984
12	102843767	C	A	1.758
12	102843769	G	C	9.981
12	102843774	G	T	0.479
12	102843777	G	C	1.311
12	102843777	G	T	1.311
12	102843780	C	A	7.889
12	102843780	C	G	7.889
12	102843780	C	T	7.889
12	102843781	T	A	8.001
12	102844338	G	A	3.152
12	102844368	C	A	7.905
12	102844372	A	T	1.731
12	102844380	T	A	8.017
12	102844389	C	A	2.434
12	102844395	G	A	4.558
12	102844399	G	T	2.798
12	102844404	G	A	5.703
12	102844424	C	T	6.058
12	102844426	G	C	3.335
12	102844430	A	T	7.358
12	102846900	C	T	5.714
12	102846923	G	T	9.598
12	102846924	G	A	5.493
12	102846924	G	T	5.493
12	102846926	G	A	9.598
12	102846929	C	A	4.646
12	102846932	A	G	8.943
12	102846935	G	A	9.598
12	102846938	G	A	9.598
12	102846942	G	A	4.181
12	102846948	T	C	7.671
12	102846953	T	C	7.476
12	102851685	A	G	8.548
12	102851686	C	A	7.568
12	102851686	C	G	7.568
12	102851686	C	T	7.568
12	102851689	G	A	9.602
12	102851697	T	G	7.674
12	102851698	G	A	9.602
12	102851701	C	A	7.568
12	102851709	C	T	3.046
12	102851715	G	C	9.602
12	102851734	C	G	7.568
12	102851734	C	T	7.568
12	102851743	C	T	7.568
12	102851751	A	T	4.006
12	102851757	C	T	5.855
12	102851758	T	A	7.674
12	102852813	A	T	9.325
12	102852814	C	A	7.905
12	102852814	C	T	7.905
12	102852824	G	A	10.003
12	102852824	G	T	10.003
12	102852827	T	C	6.243
12	102852828	A	C	7.517
12	102852833	G	A	10.003
12	102852834	G	A	10.003
12	102852843	C	A	0.394
12	102852848	C	T	7.905
12	102852852	T	G	6.271
12	102852853	G	T	3.099
12	102852857	T	C	8.017
12	102852858	G	A	10.003
12	102852858	G	C	10.003
12	102852862	G	T	1.543
12	102852869	A	G	9.325
12	102852875	C	G	7.905
12	102852875	C	T	7.905
12	102852876	G	A	2.806
12	102852887	C	A	7.905
12	102852902	C	T	7.905
12	102852903	G	A	3.291
12	102852903	G	C	3.291
12	102852912	G	A	8.154
12	102852923	A	G	9.325
12	102852924	C	G	7.905
12	102852924	C	T	7.905
12	102852930	G	A	8.1
12	102852933	G	A	3.307
12	102852935	C	T	4.912
12	102852936	G	A	6.646
12	102852951	C	G	7.905
12	102852951	C	T	7.905
12	102852952	T	C	8.017
12	102855139	G	A	5.673
12	102855143	G	C	1.134
12	102855143	G	T	1.134
12	102855145	A	T	9.325
12	102855148	G	A	4.135
12	102855160	C	A	7.905
12	102855189	C	A	7.905
12	102855194	G	C	3.005
12	102855204	A	G	9.325
12	102855211	G	T	8.158
12	102855224	G	C	5.942
12	102855224	G	T	5.942
12	102855230	A	C	-1.465
12	102855231	T	C	4.919
12	102855248	A	C	1.299
12	102855252	A	T	9.325
12	102855281	C	T	7.905
12	102855282	C	T	7.905
12	102855294	T	C	8.017
12	102855309	T	C	5.253
12	102855310	C	T	3.294
12	102855313	C	G	3.388
12	102855313	C	T	3.388
12	102855315	C	A	0.121
12	102855315	C	T	0.121
12	102855316	G	A	0.975
12	102855321	A	G	9.325
12	102855328	G	A	6.761
12	102855333	C	G	7.905
12	102855333	C	T	7.905
12	102855334	T	C	8.017
12	102866595	C	T	5.24
12	102866597	G	C	6.647
12	102866600	G	C	1.07
12	102866600	G	T	1.07
12	102866601	G	T	3.102
12	102866607	G	C	1.459
12	102866607	G	T	1.459
12	102866627	G	A	0.446
12	102866632	C	T	5.24
12	102866633	G	A	1.433
12	102866639	C	G	2.058
12	102866641	C	T	5.24
12	102866643	G	T	3.121
12	102866664	C	G	5.24
12	102866664	C	T	5.24
12	102866665	T	C	5.31
12	102866665	T	G	5.31
12	102877460	A	C	8.567
12	102877460	A	T	8.567
12	102877461	C	G	7.279
12	102877461	C	T	7.279
12	102877503	G	A	9.183
12	102877544	C	T	7.279
12	102877552	T	A	7.382
12	102877552	T	C	7.382
12	102894756	G	A	4.797
12	102894767	T	C	7.131
12	102894776	G	T	2.77
12	102894834	T	A	0.133
12	102894837	C	A	7.033
12	102894856	A	C	0.431
12	102894861	C	A	3.138
12	102894883	T	A	1.028
12	102894885	T	C	3.054
12	102894888	A	G	8.297
12	102894891	C	A	7.033
12	102894894	T	C	7.131
12	102894918	C	A	5.274
12	102894919	C	T	7.033
12	102894920	T	C	7.131
12	102912789	A	G	4.364
12	102912790	C	T	5.034
12	102912791	C	A	2.592
12	102912816	A	G	5.968
12	102912823	C	T	5.034
12	102912832	C	A	5.034
12	102912838	G	A	4.584
12	102912842	G	C	3.735
12	102917073	G	A	4.095
12	102917099	A	T	0.115
12	102917128	C	T	3.256
12	102917129	A	C	3.852
12	102917130	T	A	3.296
12	102917130	T	C	3.296
12	112450335	C	T	7.559
12	112450346	A	G	9.314
12	112450364	T	G	8.008
12	112450368	A	G	9.314
12	112450385	G	C	9.99
12	112450389	A	G	9.314
12	112450395	C	T	7.896
12	112453279	G	C	3.633
12	112472968	C	T	4.737
12	112472981	G	A	9.602
12	112477719	A	G	8.888
12	112488466	C	T	7.568
12	112489086	A	G	8.947
12	112489105	A	C	8.947
12	112489106	G	C	3.711
12	120978769	A	G	7.33
12	120978769	A	T	7.33
12	120978770	T	C	6.736
12	120978785	G	A	4.835
12	120978787	C	T	1.242
12	120978793	C	T	7.197
12	120978826	G	A	9.205
12	120978862	G	T	9.348
12	120978889	G	T	4.093
12	120978928	C	T	3.295
12	120979087	C	G	2.599
12	120979095	G	A	9.041
12	120979095	G	C	9.041
12	120979095	G	T	9.041
12	120988832	G	A	9.514
12	120988832	G	T	9.514
12	120988841	C	T	7.503
12	120988845	G	A	9.514
12	120988853	C	T	7.503
12	120988894	C	T	7.503
12	120988897	C	T	0.038
12	120988898	G	A	9.514
12	120988900	G	A	9.514
12	120988931	C	T	7.503
12	120988933	C	T	7.503
12	120988940	C	T	7.503
12	120988981	C	T	0.672
12	120988982	G	A	9.514
12	120989000	G	A	9.514
12	120989017	C	T	1.566
12	120989032	C	T	7.503
12	120989033	G	A	9.514
12	120989033	G	C	9.514
12	120989033	G	T	9.514
12	120993519	G	A	9.437
12	120993591	C	T	0.064
12	120993592	G	A	9.42
12	120993600	C	A	2.239
12	120993600	C	T	2.239
12	120993601	G	A	9.42
12	120993613	G	A	9.42
12	120993639	C	T	5.64
12	120993646	A	G	8.778
12	120993678	C	T	0.58
12	120993679	G	A	9.392
12	120993679	G	C	9.392
12	120993690	G	C	9.39
12	120994186	G	T	9.503
12	120994198	C	T	1.653
12	120994229	C	T	7.494
12	120994237	C	T	2.432
12	120994238	G	A	9.503
12	120994238	G	T	9.503
12	120994261	C	T	2.818
12	120994262	G	A	9.503
12	120994264	C	A	1.788
12	120994264	C	T	1.788
12	120994265	G	A	9.503
12	120994277	C	A	7.494
12	120996260	A	G	5.567
12	120996261	G	A	7.601
12	120996261	G	C	7.601
12	120996261	G	T	7.601
12	120996569	C	G	7.895
12	120997504	C	T	7.897
12	120997653	C	T	5.956
12	120999322	C	T	5.778
12	120999390	G	A	7.471
12	120999628	G	A	1.551
12	121001077	G	T	5.133
1	215650716	G	T	5.901
1	215758743	G	T	2.214
1	215877882	T	C	7.386
1	216073292	C	T	4.591
1	216084853	C	T	6.544
1	216200031	C	T	4.843
1	216247118	C	A	5.525
1	216289392	C	A	6.799
1	216325412	T	G	7.674
1	216325492	C	T	7.517
12	25209904	T	A	7.628
12	25227346	C	G	7.892
12	25227351	G	A	9.985
12	25245284	G	A	9.985
12	25245320	T	C	8.004
12	25245345	C	T	7.892
12	25245370	T	A	0.726
1	243695714	C	T	7.904
12	51807101	G	A	8.151
12	51914519	G	A	9.998
12	51915450	G	T	9.994
12	51916204	G	A	9.994
12	51916219	G	A	9.994
12	51920849	C	T	0.328
12	5949139	C	G	5.702
12	5949140	A	G	6.69
12	6018535	A	G	7.304
12	6018629	G	A	2.561
12	6019313	A	T	8.607
12	6019396	C	T	1.869
12	6019447	C	G	3.921
12	6019448	C	T	4.734
12	6019472	C	T	5.255
12	6019477	A	T	6.504
12	6019478	C	A	4.197
12	6019478	C	G	4.197
12	6019496	G	A	6.147
12	6019502	G	A	3.738
12	6022833	A	G	8.943
12	6022841	T	C	3.87
12	6034738	C	T	7.126
12	6034812	C	T	7.13
12	6036488	G	A	5.157
12	6044361	G	A	9.09
12	6057995	T	C	7.46
13	20188999	T	C	7.969
13	20189066	C	G	2.022
13	20189473	C	T	6.102
13	20189481	A	G	5.061
13	20189511	C	T	7.854
13	20189526	C	G	3.296
13	20189579	C	T	7.745
13	20189580	A	C	9.132
13	20189580	A	G	9.132
13	20189581	T	C	7.855
13	32362596	A	T	3.527
13	32363178	G	C	9.516
13	32363225	A	G	8.867
13	32363370	A	C	8.947
13	32380116	G	T	8.996
1	40819893	G	A	10.003
14	23415651	C	T	5.662
14	23418249	G	A	9.638
14	23418313	C	T	7.628
14	23422267	C	T	7.762
14	23424107	G	C	2.98
14	23424112	T	C	7.876
14	23424118	C	T	7.766
14	23424119	G	A	0.265
14	23424148	T	C	7.778
14	23424839	C	T	4.801
14	23424909	T	C	7.612
14	23424935	G	A	9.482
14	23425760	C	A	5.709
14	23425760	C	G	5.709
14	23425774	A	G	8.955
14	23425814	G	A	2.033
14	23425814	G	C	2.033
14	23425970	C	T	0.861
14	23425971	G	A	1.192
14	23425980	C	T	7.652
14	23426833	C	T	5.938
14	23427723	C	G	7.602
14	23427879	A	G	9.112
14	23429004	C	T	4.918
14	23429278	C	T	7.766
14	23429279	G	A	0.731
14	23431426	A	G	9.119
14	23432714	G	A	0.193
14	28767840	C	A	4.808
14	28767980	C	T	6.551
14	28768078	G	A	8.013
14	30877640	C	T	7.094
14	95091289	G	A	9.381
14	95091305	C	T	7.399
14	95094127	C	T	7.505
14	95094139	C	T	7.505
14	95094148	G	A	9.518
14	95105752	G	A	9.964
14	95105784	C	A	7.876
14	95107879	C	A	7.811
14	95115666	C	T	7.704
14	95117723	C	A	7.811
15	25340219	C	T	7.905
15	25370967	C	A	7.905
15	25371548	G	C	7.354
15	25371797	G	T	10.003
15	25405461	A	G	5.666
15	45368116	C	T	7.476
15	45368240	G	A	4.342
15	45369325	C	A	7.476
15	45369364	C	T	7.476
15	48411280	G	A	8.161
15	48412715	G	A	1.575
15	48415695	C	T	7.905
15	48420731	C	A	7.905
15	48420780	G	A	3.562
15	48421982	C	A	7.905
15	48421982	C	T	7.905
15	48427566	C	A	7.656
15	48432943	C	T	7.905
15	48436966	C	T	7.399
15	48437009	G	A	8.02
15	48437011	T	C	4.41
15	48437047	C	T	6.949
15	48444612	C	A	7.514
15	48445467	G	T	4.098
15	48446751	G	A	6.67
15	48448881	C	T	7.899
15	48470634	C	T	7.905
15	48470679	A	G	9.325
15	48470684	C	T	7.905
15	48472557	A	T	9.325
15	48472632	G	A	8.07
15	48485379	C	T	7.902
15	48487107	T	C	6.189
15	48487188	C	T	7.638
15	48488160	C	T	7.905
15	48497272	A	C	8.947
15	48505135	C	T	7.905
15	48510050	A	G	9.271
15	48513581	T	C	1.811
15	48515402	G	A	2.156
15	48520818	C	G	7.713
15	66435115	A	C	9.189
15	66435145	G	A	9.855
15	66435221	T	G	7.902
15	66436777	G	T	9.809
15	66436818	A	G	9.189
15	66436824	C	T	7.792
15	66436842	T	C	7.902
15	66436843	A	G	9.189
15	66481794	A	G	9.215
15	89317374	A	G	8.942
16	23603471	G	T	0.163
16	23607864	C	T	5.185
16	23621362	C	T	4.738
16	23635864	G	A	0.038
16	23641151	C	A	2.574
16	68737416	A	G	1.851
16	68737417	T	A	1.346
16	68737417	T	C	1.346
16	68737417	T	G	1.346
16	68737418	G	A	2
16	68737426	G	A	-4.446
16	68737427	G	A	-0.038
16	68737441	C	A	-0.818
16	68737464	G	A	4.518
16	68738295	A	G	4.398
16	68738307	G	A	1.114
16	68738308	G	A	0.703
16	68738318	G	T	2.28
16	68738324	G	T	2.111
16	68801693	C	T	0.477
16	68801726	C	T	1.412
16	68801789	C	T	1.713
16	68801814	G	A	5.344
16	68801843	A	T	2.259
16	68808493	A	T	8.843
16	68808503	G	A	9.49
16	68808504	G	A	9.49
16	68808525	C	A	0.275
16	68808565	C	T	5.039
16	68808692	G	C	9.602
16	68808849	G	A	9.326
16	68810216	C	A	2.311
16	68810224	G	A	6.297
16	68810290	G	T	-0.09
16	68810302	G	T	-1.248
16	68810342	G	A	8.888
16	68810342	G	T	8.888
16	68811682	A	G	8.518
16	68811791	A	T	-2.157
16	68811854	C	T	1.335
16	68812149	T	G	0.343
16	68812177	C	T	0.336
16	68812264	G	A	9.444
16	68813322	C	T	-0.734
16	68815674	G	T	-0.117
16	68815725	C	T	0.182
16	68815760	G	A	9.332
16	68815760	G	C	9.332
16	68815760	G	T	9.332
16	68819283	T	A	0.573
16	68819292	G	A	0.64
16	68819393	C	G	1.206
16	68819426	G	C	8.841
16	68822081	C	T	5.425
16	68822202	G	A	9.323
16	68822210	C	T	0.497
16	68823404	G	T	5.807
16	68823557	C	T	-1.914
16	68823566	G	T	1.315
16	68828204	G	A	3.102
16	68828274	T	A	-0.07
16	68828281	G	T	7.887
16	68828296	G	T	9.883
16	68828302	C	T	7.815
16	68829669	C	T	5.18
16	68833356	G	T	10.003
1	68429798	T	C	8.017
1	68429835	G	A	0.527
1	68429927	C	A	7.905
1	68429928	C	T	7.905
1	68431116	G	C	9.501
1	68431135	C	T	7.491
1	68431282	C	A	5.67
1	68431509	C	T	7.446
1	68438213	A	G	8.837
1	68438228	G	T	9.484
1	68438231	G	A	9.484
1	68438293	A	G	8.837
1	68438941	C	T	7.568
1	68439002	T	C	7.674
1	68439033	T	A	3.284
1	68439224	G	T	3.737
1	68439571	A	C	8.759
1	68439586	G	A	5.359
1	68440936	C	T	7.461
1	68440951	T	C	7.565
1	68440952	G	A	9.463
1	68440997	C	A	7.461
1	68441001	C	T	7.351
1	68444656	G	A	1.796
1	68444672	C	A	1.924
1	68444674	T	C	7.491
1	68444798	G	A	9.374
1	68444800	T	C	7.491
1	68444825	C	A	7.388
1	68444857	C	T	7.388
1	68444858	G	A	3.077
1	68446713	C	A	7.562
1	68446755	A	C	8.939
1	68446825	G	A	1.794
1	68446837	C	T	7.562
1	68446862	T	A	7.667
1	68448644	G	A	9.594
1	68448702	C	A	7.562
1	68449896	G	A	4.883
17	18119796	C	G	-1.525
17	18131501	C	A	1.568
17	18131523	G	A	6.692
17	18167686	C	T	7.82
17	28524625	C	A	0.178
17	28524719	C	T	0.697
17	28529157	C	T	1.615
17	28530798	G	A	10.003
17	28534361	C	T	3.924
17	28534991	C	T	2.653
17	43045761	A	C	4.978
17	43063937	A	G	5.76
17	43106477	C	T	4.108
17	43106534	C	A	4.268
17	44372424	C	T	4.058
17	44374352	A	G	4.055
17	44374420	C	T	3.23
17	44374461	G	A	1.213
17	44374470	C	T	2.454
17	44374661	G	A	-0.14
17	44374673	G	A	0.539
17	44375069	G	A	0.646
17	44375616	G	T	1.591
17	44375647	G	A	0.035
17	44375856	G	A	0.286
17	44375986	C	G	3.169
17	44376112	C	T	0.215
17	44376312	G	A	2.576
17	44376323	T	G	-0.17
17	44377008	C	A	4.48
17	44377021	A	C	5.371
17	44377040	C	A	0.481
17	44377772	A	G	7.063
17	44378360	A	G	5.462
17	44378463	G	A	0.087
17	44378511	T	C	3.249
17	44378642	C	T	6.631
17	44378707	G	A	4.462
17	44378712	T	C	6.779
17	44379689	C	G	2.062
17	44379780	A	G	6.135
17	44379795	T	G	4.104
17	44380000	A	G	3.051
17	44380004	G	A	2.129
17	44380082	G	A	2.381
17	44380102	C	T	6.511
17	44380103	G	A	0.385
17	44380112	G	A	1.123
17	44380136	G	A	4.258
17	44380142	C	A	2.461
17	44380245	C	T	5.454
17	44380255	G	A	-0.902
17	44380291	G	A	0.024
17	44380302	C	T	2.966
17	44380385	C	T	4.245
17	44380616	G	A	2.105
17	44380626	G	C	-1.677
17	44380915	G	A	0.667
17	44381038	C	T	3.564
17	44381039	G	T	-2
17	44381058	A	G	7.057
17	44383517	C	T	7.736
17	44383607	G	A	0.017
17	44383630	C	T	1.45
17	44383640	C	T	7.739
17	44383652	G	A	0.159
17	44383675	A	G	7.289
17	44383893	C	G	7.688
17	44383935	A	T	0.679
17	44384946	A	G	1.574
17	44385065	G	A	2.108
17	44385193	A	G	4.379
17	44385210	C	T	5.914
17	44385284	G	T	3.489
17	44385305	A	C	6.049
17	44385550	C	T	2.424
17	44385594	A	T	0.034
17	44385599	G	C	7.444
17	44385655	G	T	7.843
17	44385693	C	T	6.374
17	44385833	G	C	3.818
17	44385895	G	A	0.165
17	44386009	C	T	3.896
17	44386054	C	T	2.265
17	44386063	A	G	5.665
17	44389343	C	A	5.51
17	44389377	T	C	5.018
17	47253892	T	C	0.891
17	47253941	G	A	4.052
17	47274439	C	T	1.375
17	47274457	C	T	1.892
17	47274460	C	T	1.349
17	47283352	A	G	3.862
17	47283450	C	T	-0.642
17	47283550	G	A	9.419
17	47284509	T	G	8.017
17	47284512	T	G	8.017
17	47284514	G	T	10.003
17	47284525	C	G	0.635
17	47284586	C	T	0.974
17	47284646	C	T	7.905
17	47286274	G	C	10.003
17	47286310	T	C	8.017
17	47286364	G	A	8.002
17	47286369	C	T	1.941
17	47286370	G	A	8.114
17	47286373	A	T	9.325
17	47286419	T	A	0.243
17	47286423	G	A	10.003
17	47287084	G	A	10.003
17	47287155	T	C	8.017
17	47287184	C	T	0.39
17	47287213	C	A	0.381
17	47291027	G	A	10.003
17	47292166	C	T	4.719
17	47292181	G	T	2.381
17	47292187	G	T	1.62
17	47292280	G	T	1.323
17	47292354	G	A	1.66
17	47292403	C	T	3.195
17	47292519	C	A	-0.634
17	47299314	G	A	9.955
17	47299316	C	T	0.27
17	47299353	G	A	5.765
17	47299418	T	C	7.98
17	47299488	G	A	9.955
17	47299531	G	A	9.554
17	47300488	G	T	7.064
17	47300544	C	A	2.928
17	47300554	G	T	8.97
17	47300579	G	A	8.97
17	47302786	C	T	3.909
17	47307558	G	A	10.003
17	47307584	C	T	3.881
17	47307638	G	C	9.984
17	7220021	C	T	1.274
17	7220124	C	A	0.421
17	7220677	G	A	8.743
17	7220678	T	G	5.333
17	7220831	G	C	8.783
17	7220923	G	A	8.697
17	7222272	T	C	6.698
17	7222744	C	A	3.58
17	7222867	T	A	5.109
17	7222867	T	C	5.109
17	7223655	C	A	2.097
17	7223865	G	A	6.583
17	7223992	C	T	1.714
17	7224011	G	A	8.535
17	7224885	G	A	8.226
17	7670669	G	T	1.975
17	7670684	C	G	-0.406
17	7673700	C	T	2.457
17	7673728	C	A	-0.746
17	7673802	C	T	7.905
17	7673806	C	T	6.17
17	7674220	C	A	6.163
17	7674220	C	T	6.163
17	7674221	G	A	0.835
17	7674230	C	T	7.905
17	7674252	C	T	7.829
17	7674872	T	C	6.252
17	7674890	T	C	8.017
17	7674953	T	G	8.017
17	7675075	A	T	-0.556
17	7675080	G	C	1.122
17	7675088	C	T	6.163
17	7675089	G	C	4.044
17	7675095	C	T	7.905
17	7675124	T	C	5.159
17	7675157	G	A	10.003
17	7675184	A	G	9.305
17	7675209	A	C	9.321
17	7675232	G	T	9.948
17	7675997	G	T	0.705
17	7676273	C	T	1.869
17	80104588	T	C	-0.176
17	80104704	C	T	1.397
17	80104755	C	T	0.061
17	80104758	C	T	0.298
17	80104827	C	T	0.333
17	80104832	C	A	-1.499
17	80104893	T	G	7.897
17	80104929	C	T	0.066
17	80104938	C	T	-0.444
17	80104963	G	A	9.571
17	80104985	C	A	0.147
17	80105030	C	G	1.772
17	80105775	C	A	-1.754
17	80105857	G	A	9.709
17	80105872	C	T	-0.037
17	80107627	C	T	0.516
17	80107648	G	A	7.872
17	80107812	C	T	2.603
17	80107813	T	C	4.089
17	80107817	C	G	-2.895
17	80107818	G	A	7.935
17	80107837	T	C	7.851
17	80107866	G	A	7.934
17	80107894	T	C	6.077
17	80107897	G	A	7.911
17	80108323	G	A	7.558
17	80108396	C	A	2.891
17	80108398	T	C	1.711
17	80108409	G	T	7.566
17	80108488	G	C	9.287
17	80108495	C	T	7.394
17	80108547	C	G	0.967
17	80108569	C	T	0.213
17	80108712	G	A	9.14
17	80108811	C	T	1.493
17	80108818	T	A	7.494
17	80108829	G	A	9.368
17	80109943	A	G	8.543
17	80110725	A	G	8.76
17	80110726	G	C	9.4
17	80110730	T	C	7.519
17	80110736	G	A	9.4
17	80110754	G	A	9.4
17	80110785	G	A	9.395
17	80110837	G	A	9.395
17	80110945	T	C	6.018
17	80110953	C	G	6.022
17	80112001	T	C	7.442
17	80112033	C	T	7.339
17	80112081	G	A	7.448
17	80112101	G	A	9.146
17	80112621	C	T	5.988
17	80112622	G	A	9.796
17	80112625	C	A	7.749
17	80112625	C	T	7.749
17	80112645	C	T	3.91
17	80112664	C	A	3.267
17	80112680	C	G	2.044
17	80112899	G	T	9.459
17	80112900	G	T	9.459
17	80112914	G	A	9.821
17	80112920	G	A	9.821
17	80112922	C	A	0.998
17	80112928	C	G	-1.201
17	80112929	G	A	9.821
17	80112965	C	T	5.978
17	80112966	G	A	9.859
17	80113001	C	T	0.949
17	80113282	G	A	9.743
17	80113282	G	T	9.743
17	80113350	C	T	1.173
17	80113365	G	T	7.446
17	80116992	G	A	5.069
17	80117015	G	A	9.454
17	80117016	G	A	9.454
17	80117016	G	C	9.454
17	80117020	G	T	0.773
17	80117047	C	T	3.741
17	80117075	A	C	8.81
17	80117075	A	G	8.81
17	80117651	G	T	1.224
17	80117675	C	T	5.165
17	80117679	G	A	3.126
17	80118223	C	T	0.917
17	80118271	C	T	-0.165
17	80118319	C	T	0.218
17	80118668	G	T	0.147
18	55228987	C	T	7.905
18	55228988	G	A	8.056
18	55228993	C	T	7.905
18	55228999	C	T	7.905
19	11089549	A	C	2.207
19	11089549	A	T	2.207
19	11100236	C	G	-0.152
19	11100252	C	T	2.554
19	11102732	T	G	6.029
19	11102734	G	A	7.886
19	11102741	G	A	9.948
19	11102742	A	G	9.275
19	11102743	T	A	-0.799
19	11102769	C	G	3.379
19	11102774	G	A	8.057
19	11102787	G	A	8.101
19	11102788	T	C	5.036
19	11105324	G	A	9.883
19	11105436	C	T	4.872
19	11105457	G	A	9.721
19	11105548	G	A	7.888
19	11105567	G	T	9.883
19	11105568	A	G	9.215
19	11105588	G	A	9.883
19	11105588	G	T	9.883
19	11106588	G	A	2.191
19	11106588	G	T	2.191
19	11106630	C	T	4.947
19	11106666	G	A	9.992
19	11106666	G	T	9.992
19	11106668	T	A	-1.193
19	11107390	A	G	7.354
19	11107402	C	A	-3.111
19	11107433	G	T	9.872
19	11107436	G	A	9.872
19	11107484	G	A	9.81
19	11110688	C	G	5.874
19	11110738	G	A	9.655
19	11110738	G	T	9.655
19	11110756	C	T	0.428
19	11110759	C	T	2.424
19	11111629	C	A	4.02
19	11113307	C	T	4.795
19	11113382	G	A	8.011
19	11113392	C	G	1.051
19	11113413	T	C	7.92
19	11113534	G	A	6.429
19	11113608	G	A	8.026
19	11113620	G	A	8.032
19	11116105	G	A	9.874
19	11116125	G	A	7.969
19	11116882	T	G	7.882
19	11116928	G	A	8.005
19	11116936	C	T	0.487
19	11116937	G	A	7.973
19	11120425	C	G	-0.847
19	11120523	G	A	7.971
19	11123248	C	T	-0.203
19	11128087	T	G	3.908
19	11129598	C	A	-0.092
19	1398964	C	T	5.813
19	1398981	A	G	5.938
19	1399155	C	T	6.001
19	1399180	G	A	7.97
19	1399184	C	T	6.053
19	1399185	G	C	-1.654
19	1399589	T	C	2.041
19	1399804	G	A	9.83
19	1399885	G	A	4.093
19	1399896	G	A	9.876
19	1401343	C	T	7.575
19	1401344	A	T	8.922
19	1401418	C	G	7.44
19	1401429	G	T	5.313
19	17834610	G	A	2.8
19	17836001	G	A	0.911
19	17837938	G	T	1.519
19	17839567	G	A	3.411
19	17839585	G	A	1.859
19	18162974	G	A	9.758
19	38440802	T	C	7.894
19	38444211	C	T	5.123
19	38444212	G	T	9.959
19	38444253	C	T	2.381
19	38446710	G	C	7.588
19	38448712	G	A	8.035
19	38448712	G	C	8.035
19	38451842	C	T	1.855
19	38451843	G	A	9.856
19	38455359	A	C	9.309
19	38455471	C	T	2.672
19	38457545	C	T	2.774
19	38457546	G	T	9.948
19	38494564	C	T	7.854
19	38494565	G	A	9.935
19	38494579	G	A	9.935
19	38496283	C	G	7.905
19	38496283	C	T	7.905
19	38499223	G	A	10.003
19	38499655	G	A	8.02
19	38499670	C	T	1.311
19	38499731	G	C	9.873
19	38499993	G	A	9.982
19	38499997	G	A	9.982
19	38500642	C	T	0.831
19	38500643	G	A	9.992
19	38500655	G	A	9.992
19	38543832	G	T	9.878
19	38577955	G	A	7.536
19	38580094	C	T	7.891
19	38580403	G	A	8.097
19	38580485	A	G	9.315
19	4101105	C	T	7.86
19	4110558	T	C	7.827
19	4110576	G	T	9.865
19	4117552	A	C	9.113
19	4117553	A	C	9.113
19	43511436	C	A	6.469
19	43511436	C	T	6.469
19	43511454	C	T	6.469
19	43511455	G	A	3.985
20	44355805	A	G	5.468
20	44355852	C	G	0.752
20	44406070	C	A	3.844
20	44406195	C	T	4.476
20	44406196	G	A	9.917
20	44406207	C	T	2.022
20	44406208	G	A	9.917
20	44406234	T	C	7.951
20	44407434	G	C	9.993
20	44413694	C	A	7.873
20	44413696	G	A	9.96
20	44413705	G	T	9.96
20	44413708	C	T	3.061
20	44413709	G	A	9.96
20	44413726	C	T	2.529
20	44413777	C	T	7.873
20	44413795	C	T	5.01
20	44418424	G	A	9.994
20	44419742	G	A	8.106
20	44419783	C	T	4.093
20	44419784	G	A	9.994
20	44419790	T	C	8.011
20	44419795	G	T	9.994
20	44419813	C	T	6.131
20	44424059	C	T	3.19
20	44424060	G	A	10.003
20	44424116	C	T	3.826
20	44424122	C	T	6.01
20	44424123	G	A	10.003
20	44620402	C	G	6.587
20	44621017	C	T	7.492
20	44622588	C	T	2.917
20	44622873	G	A	0.004
20	44623039	C	T	6.907
20	44623053	C	T	6.907
20	44624205	G	C	-0.911
21	34799310	G	A	6.501
21	34799407	G	C	3.072
21	34799407	G	T	3.072
21	34799421	G	A	9.166
21	34799454	G	A	9.166
21	34834413	G	A	5.71
21	34834431	G	A	5.985
21	34834536	C	A	6.185
21	34859476	C	T	7.899
21	34859477	G	A	1.276
21	34859485	C	T	7.899
21	34859486	G	A	4.537
21	34859520	G	C	4.949
21	34880555	A	G	8.947
21	34880556	C	T	7.568
21	34880568	C	T	7.568
21	34880569	G	A	2.678
21	34880581	T	C	1.837
21	34880665	C	G	7.568
21	34880714	C	A	7.568
21	34880714	C	T	7.568
21	34886842	C	A	7.392
21	34886842	C	T	7.392
21	34886845	T	A	5.748
21	34886866	T	C	5.758
21	34886876	C	T	7.426
21	34886877	C	T	5.715
2	165130238	A	G	7.474
2	165342465	G	A	10.003
2	165389123	G	A	9.863
2	165992359	C	G	7.77
2	166037930	C	T	7.903
2	202464832	T	C	6.513
2	202464950	C	G	3.012
2	202467522	G	A	8.262
2	202467625	T	G	1.115
2	202520135	T	C	4.542
2	202530952	G	T	9.927
2	202542448	G	A	10.003
2	202552726	C	A	7.905
2	202552774	G	A	10.003
2	26463969	C	G	7.867
2	26477210	G	A	4.632
2	26479356	G	A	2.218
2	28776944	C	G	7.905
2	39007168	C	T	7.781
2	39022772	C	A	0.623
2	39022772	C	G	0.623
2	39022773	C	G	7.798
2	39022773	C	T	7.798
2	39022774	T	C	3.657
2	39022786	T	G	2.238
2	39051202	A	G	9.197
2	39054822	A	C	8.636
2	39056704	T	C	7.908
2	39058696	C	T	7.798
3	10142038	G	C	6.153
3	10142041	C	G	4.919
3	10142055	G	T	2.171
3	10142080	A	G	5.718
3	10142104	C	T	4.836
3	10142110	G	A	6.043
3	10146512	A	G	7.167
3	10146637	G	A	7.677
3	10149823	G	A	7.779
3	10149906	C	T	-0.273
3	10149909	A	T	5.466
3	12584624	G	C	3.761
3	12585745	G	A	9.996
3	12599717	C	G	7.9
3	12604182	A	C	9.32
3	12604189	G	A	9.996
3	12604194	G	T	9.996
3	12604195	A	C	9.32
3	12604195	A	T	9.32
3	12604200	G	A	9.996
3	179218294	G	A	9.602
3	179221146	G	A	9.602
3	179230077	G	A	9.492
3	179234297	A	G	8.845
5	112815507	C	T	5.32
5	35860850	A	T	4.46
5	35867437	G	A	1.572
5	35867463	G	A	4.689
5	35873479	G	A	3.524
5	35873558	C	T	2.989
6	75828590	C	T	4.458
7	107672182	C	T	4.505
7	107672245	G	T	4.291
7	107683453	A	G	8.426
7	107690178	G	A	4.538
7	107690203	C	T	4.026
7	140753336	A	C	9.236
7	140753339	G	A	9.906
7	140753339	G	C	9.906
7	140753348	C	A	7.831
7	140753350	A	C	2.3
7	140753354	T	A	7.942
7	140754187	T	C	7.853
7	140778053	C	A	5
7	140778053	C	G	5
7	140781597	C	A	7.886
7	140781602	C	T	7.886
7	140781617	C	T	7.886
7	140801502	T	C	7.971
7	140801531	A	C	3.428
7	140801533	A	G	9.27
7	140801536	C	G	7.86
7	140801537	T	A	3.384
7	140801537	T	G	3.384
7	140801542	T	G	7.971
7	140801550	G	T	9.943
7	44145136	T	A	3.315
7	44145189	C	T	7.436
7	44145207	C	A	5.724
7	44145212	G	C	6.365
7	44145212	G	T	6.365
7	44145216	C	A	0.71
7	44145227	A	T	8.786
7	44145232	G	T	0.056
7	44145266	A	T	5.649
7	44145273	C	A	0.843
7	44145281	C	A	7.425
7	44145281	C	G	7.425
7	44145282	T	C	5.811
7	44145510	T	A	6.24
7	44145510	T	C	6.24
7	44145515	A	C	7.426
7	44145515	A	G	7.426
7	44145515	A	T	7.426
7	44145516	C	T	6.121
7	44145521	C	T	7.851
7	44145522	C	A	7.851
7	44145522	C	G	7.851
7	44145522	C	T	7.851
7	44145560	C	A	6.098
7	44145576	G	A	4.629
7	44145587	C	T	0.956
7	44145590	G	A	9.901
7	44145591	C	T	6.098
7	44145593	A	G	9.239
7	44145594	G	C	4.106
7	44145602	G	A	2.428
7	44145604	G	T	2.025
7	44145605	C	T	6.077
7	44145606	A	G	7.388
7	44145608	A	G	7.396
7	44145611	T	G	1.625
7	44145617	G	A	8.056
7	44145617	G	T	8.056
7	44145618	C	T	3.265
7	44145621	G	A	9.91
7	44145637	G	T	0.024
7	44145638	C	A	4.932
7	44145651	C	T	4.938
7	44145731	C	G	6.039
7	44145731	C	T	6.039
7	44146461	A	C	8.772
7	44146462	C	A	7.429
7	44146462	C	T	7.429
7	44146466	T	C	7.853
7	44146506	T	G	6.139
7	44146571	A	G	6.106
7	44147690	G	A	5.352
7	44147711	C	T	7.826
7	44147723	C	T	6.058
7	44147731	C	T	7.826
7	44147732	C	G	7.826
7	44147732	C	T	7.826
7	44147737	G	A	6.787
7	44147738	C	T	7.826
7	44147765	G	A	5.707
7	44147777	C	T	7.86
7	44147824	C	T	5.01
7	44147830	G	A	9.942
7	44147830	G	C	9.942
7	44147830	G	T	9.942
7	44147831	T	C	7.972
7	44147835	T	C	7.972
7	44149763	C	T	7.905
7	44149778	C	T	7.905
7	44149779	G	T	0.405
7	44149809	C	A	7.905
7	44149809	C	T	7.905
7	44149810	A	G	9.325
7	44149810	A	T	9.325
7	44149816	G	A	5.006
7	44149817	C	T	7.905
7	44149831	A	G	9.325
7	44149834	A	C	9.325
7	44149834	A	G	9.325
7	44149838	C	A	7.905
7	44149976	C	T	6.17
7	44149977	G	A	0.949
7	44149982	A	G	9.325
7	44150025	C	G	6.164
7	44150025	C	T	6.164
7	44150027	G	A	6.886
7	44150045	G	A	10.003
7	44150045	G	T	10.003
7	44150046	T	C	8.017
7	44150046	T	G	8.017
7	44150984	A	G	9.246
7	44150985	A	G	9.246
7	44150985	A	T	9.246
7	44150990	A	G	9.246
7	44150990	A	T	9.246
7	44151002	A	G	9.325
7	44151069	C	G	7.905
7	44151069	C	T	7.905
7	44152269	A	G	9.246
7	44152269	A	T	9.246
7	44152270	C	T	7.84
7	44152310	G	T	0.689
7	44152312	A	G	9.315
7	44152420	C	T	7.897
7	44153324	A	G	9.294
7	44153325	C	T	7.879
7	44153381	C	T	4.136
7	44153382	G	A	1.516
7	44153396	T	G	1.472
7	44153399	A	C	9.294
9	127818220	C	T	1.432
9	127824800	C	T	1.368
9	127826586	C	G	2.591
9	127854354	A	C	2.638
X	135998481	G	A	9.542
X	136012979	C	T	7.568
X	139537144	C	T	0.808
X	139541114	G	A	8.978
X	139551113	G	A	4.306
X	139551261	G	A	5.361
X	139560852	G	A	8.121
X	139561565	C	T	1.091
X	139561694	G	A	7.545
X	139561695	C	T	3.34
X	139561920	G	A	9.93
X	139561989	G	A	9.968
X	139562044	G	A	9.968
X	153688837	G	T	9.115
X	153691371	G	A	8.118
X	153691543	G	T	9.858
X	153692006	G	T	3.98
X	153693049	C	G	0.527
X	153693262	G	A	9.862
X	153693267	G	A	9.862
X	153693368	T	C	5.044
X	153693586	G	C	9.827
X	153693932	C	T	7.798
X	153693969	G	A	9.862
X	153694379	C	G	0.309
X	153694407	C	T	1.164
X	153694448	T	G	5.001
X	153694577	C	T	1.641
X	153694591	G	A	1.598
X	153694789	G	A	9.825
X	154030863	G	A	4.576
X	154030903	G	A	2.16
X	154030912	G	A	7.088
X	154030916	C	G	2.563
X	154030923	G	A	8.995
X	154030948	G	A	3.156
X	154031329	G	A	7.476
X	154031356	T	C	7.596
X	154031357	G	C	4.483
X	154031361	T	C	7.596
X	154031373	G	C	9.464
X	154031425	T	C	5.775
X	154031427	G	A	9.464
X	154031430	C	A	7.498
X	154031430	C	T	7.498
X	154031431	G	A	9.464
X	154031448	G	A	9.464
X	154032212	C	A	0.677
X	154032212	C	G	0.677
X	154032220	C	T	7.501
X	154032282	G	C	9.468
X	154032283	G	A	9.468
X	154032286	G	C	5.393
X	154097602	A	C	3.544
X	154097603	C	T	1.694
X	154837677	G	A	-0.209
X	154860588	C	A	6.321
X	154896075	A	T	6.049
X	154902120	G	A	1.399
X	154904082	T	C	7.589
X	154904909	C	A	1.727
X	154904998	C	T	7.459
X	154906490	C	T	1.917
X	154931575	C	T	2.707
X	154947724	G	A	8.515
X	154953896	C	A	2.264
X	154953961	G	A	2.729
X	154953991	G	A	2.159
X	154957049	T	C	7.026
X	154957060	C	T	3.24
X	154966041	G	A	3.745
X	154966603	T	C	4.036
X	154966634	G	A	0.357
X	154969361	G	C	0.991
X	154969417	G	A	7.208
X	154984788	G	T	4.967
X	154992938	T	C	1.798
X	18507155	G	T	8.368
X	18564496	C	T	3.383
X	18575353	G	A	10.003
X	18575423	T	C	8.017
X	18584312	C	A	0.868
X	18584332	G	A	8.19
X	18628716	C	T	1.346
X	19353169	C	T	7.507
X	19358926	C	T	3.004
X	19359612	C	T	5.695
X	71107864	G	A	0.67
X	71107882	G	A	3.367
X	71108276	C	T	3.475
X	71109247	C	T	4.305
X	71109265	C	T	4.305
X	71109275	C	T	4.305
X	71109282	G	A	3.805
X	71109308	C	T	2.797
X	71109309	G	A	3.556
X	71109315	G	A	2.904
X	71109321	G	A	1.467
X	71110297	T	A	4.475
X	71110297	T	G	4.475
X	71110630	C	A	0.021
X	71110677	G	T	0.847
X	71110896	C	A	4.147
X	71110959	G	T	0.399
X	71110964	C	T	4.147
X	71110980	A	T	0.383
X	71110982	A	G	4.924
X	71111051	C	T	3.535
X	71111423	A	G	3.843
X	71111424	C	A	3.248
X	71111497	G	A	1.841
