CHROM	POS	REF	ALT	revel
1	11114338	A	G	0.924
1	11124516	G	A	0.817
1	11124516	G	T	0.857
1	11126708	T	G	0.551
1	11128107	G	C	0.876
1	11128107	G	T	0.881
1	11130641	G	A	0.06
1	11139429	C	A	0.325
1	11157153	A	G	0.81
1	11157173	C	T	0.951
1	11157174	A	G	0.847
1	11157242	A	G	0.797
1	11210822	T	C	0.177
1	40819358	C	G	0.094
1	40819463	G	C	0.928
1	40819463	G	C	0.942
1	40819893	G	A	0.793
1	40819893	G	A	0.966
1	68429798	T	C	0.991
1	68429835	G	A	0.935
1	68429927	C	A	0.991
1	68429927	C	T	0.984
1	68431071	C	T	0.946
1	68431097	A	T	0.992
1	68431116	G	C	0.891
1	68431282	C	A	0.571
1	68431292	A	G	0.877
1	68431319	G	A	0.418
1	68431319	G	T	0.769
1	68431328	T	C	0.94
1	68431367	A	T	0.895
1	68431371	C	G	0.954
1	68431376	G	A	0.775
1	68438212	T	C	0.961
1	68438213	A	G	0.969
1	68438228	G	T	0.702
1	68438293	A	G	0.88
1	68438943	C	G	0.867
1	68438977	A	C	0.215
1	68439002	T	C	0.964
1	68439059	T	G	0.974
1	68439081	C	A	0.887
1	68439294	A	G	0.986
1	68439571	A	C	0.987
1	68439611	G	C	0.238
1	68440936	C	T	0.939
1	68440951	T	C	0.9
1	68440952	G	A	0.912
1	68440960	G	A	0.966
1	68440997	C	A	0.93
1	68444592	G	T	0.929
1	68444593	C	G	0.94
1	68444596	A	C	0.977
1	68444607	C	T	0.847
1	68444632	C	T	0.548
1	68444672	C	A	0.87
1	68444798	G	A	0.911
1	68444798	G	T	0.968
1	68444800	T	C	0.945
1	68444834	C	T	0.517
1	68444857	C	T	0.659
1	68444858	G	A	0.852
1	68446713	C	A	0.849
1	68446755	A	C	0.98
1	68446812	C	T	0.969
1	68446837	C	T	0.984
1	68448644	G	A	0.898
1	68448653	A	G	0.711
1	68448663	C	T	0.553
1	114713941	G	A	0.693
1	114716090	A	T	0.863
1	171635941	T	C	0.502
1	171635945	T	A	0.67
1	171635998	G	A	0.72
1	171636000	G	C	0.784
1	171636000	G	T	0.784
1	171636010	A	T	0.534
1	171636092	T	A	0.68
1	171636106	G	A	0.472
1	171636127	G	A	0.734
1	171636131	A	G	0.966
1	171636143	A	G	0.913
1	171636164	C	A	0.764
1	171636173	T	C	0.876
1	171636247	T	C	0.207
1	171636290	C	T	0.914
1	171636301	T	G	0.97
1	171636302	C	A	0.964
1	171636302	C	G	0.965
1	171636310	G	A	0.924
1	171636331	G	A	0.89
1	171636341	C	T	0.787
1	171636349	C	A	0.896
1	171636353	C	T	0.905
1	171636382	G	A	0.316
1	171636386	C	T	0.514
1	171636419	A	G	0.821
1	171636420	C	T	0.003
1	171636455	C	T	0.466
1	171636464	C	G	0.948
1	171636473	C	T	0.759
1	171636562	G	T	0.541
1	171636679	G	A	0.925
1	171636686	C	T	0.798
1	171636688	A	G	0.839
1	171636704	C	T	0.9
1	171638683	A	G	0.724
1	171638703	G	C	0.126
1	171652139	C	T	0.52
1	171652172	C	T	0.082
1	171652236	G	A	0.561
1	171652368	G	A	0.268
1	171652385	C	T	0.203
1	171652458	T	C	0.036
1	171652468	C	A	0.257
1	171652514	C	T	0.055
1	171652555	C	A	0.256
1	171652578	C	G	0.33
1	173903968	G	A	0.952
1	173903969	G	T	0.88
1	173903973	G	C	0.683
1	173903978	C	T	0.778
1	173904007	G	A	0.88
1	173904010	C	G	0.88
1	173904010	C	T	0.806
1	173904011	G	A	0.856
1	173909752	G	A	0.956
1	173909791	G	T	0.956
1	173909824	C	T	0.127
1	173909848	T	G	0.898
1	173910797	T	C	0.732
1	173910861	T	C	0.898
1	173911870	T	C	0.168
1	173911941	C	T	0.691
1	173911974	T	G	0.865
1	173911984	T	C	0.242
1	173914570	G	A	0.853
1	173914662	T	C	0.289
1	173914725	C	T	0.702
1	173914726	G	A	0.743
1	173914726	G	T	0.707
1	173914743	G	A	0.658
1	173914914	A	G	0.146
1	173917231	G	T	0.141
1	215625828	T	C	0.075
1	215628839	G	C	0.033
1	215628900	C	T	0.126
1	215650659	C	T	0.111
1	215650716	G	T	0.309
1	215675037	T	C	0.707
1	215675337	G	A	0.599
1	215675406	T	C	0.207
1	215728383	G	A	0.8
1	215879002	C	T	0.052
1	215900872	G	A	0.358
1	216000442	G	T	0.355
1	216073292	C	T	0.786
1	216078145	A	T	0.556
1	216084853	C	T	0.906
1	216097127	G	A	0.655
1	216198494	C	A	0.218
1	216200031	C	T	0.466
1	216246872	G	T	0.426
1	216247118	C	A	0.902
1	216250989	C	T	0.92
1	216289285	C	T	0.073
1	216289392	C	A	0.974
1	216325412	T	G	0.737
1	216325492	C	T	0.524
1	243552810	T	C	0.392
1	243695714	C	T	0.372
2	26461855	G	A	0.843
2	26463969	C	G	0.85
2	26465723	C	T	0.912
2	26465995	C	T	0.551
2	26467501	C	A	0.478
2	26477750	C	G	0.329
2	26480866	C	T	0.378
2	28776944	C	G	0.438
2	28776964	G	C	0.463
2	38986117	G	T	0.428
2	38986168	C	T	0.306
2	38986226	G	C	0.207
2	38995147	C	T	0.213
2	38996971	T	C	0.079
2	39007168	C	T	0.443
2	39012145	G	T	0.149
2	39013471	C	G	0.103
2	39013505	C	T	0.143
2	39013920	C	G	0.12
2	39013966	G	A	0.091
2	39014838	A	T	0.733
2	39022656	T	C	0.102
2	39022723	G	C	0.33
2	39022772	C	A	0.863
2	39022772	C	G	0.863
2	39022773	C	A	0.903
2	39022773	C	G	0.955
2	39022773	C	T	0.837
2	39022774	T	A	0.816
2	39022774	T	C	0.921
2	39022786	T	G	0.75
2	39022938	C	T	0.744
2	39023152	G	T	0.786
2	39035268	G	A	0.577
2	39035466	C	T	0.119
2	39051164	A	G	0.741
2	39051202	A	G	0.895
2	39051259	A	G	0.129
2	39054636	T	C	0.271
2	39054781	T	C	0.136
2	39054822	A	C	0.734
2	39054822	A	G	0.566
2	39056704	T	C	0.879
2	39056862	A	C	0.732
2	39058696	C	T	0.668
2	39058738	T	C	0.434
2	39067732	T	C	0.229
2	39120350	G	A	0.21
2	165090569	C	A	0.827
2	165090746	C	T	0.114
2	165127774	C	T	0.155
2	165130238	A	G	0.976
2	165295879	G	A	0.33
2	165315658	G	A	0.192
2	165342465	G	A	0.95
2	165344715	A	G	0.435
2	165389123	G	A	0.94
2	165389442	T	C	0.922
2	165992359	C	G	0.98
2	165998121	T	C	0.443
2	166037930	C	T	0.966
2	166041343	G	A	0.927
2	202464818	A	G	0.276
2	202464832	T	C	0.939
2	202464952	A	G	0.353
2	202467522	G	A	0.951
2	202467625	T	G	0.928
2	202514903	G	A	0.807
2	202520135	T	C	0.451
2	202520142	G	A	0.497
2	202530863	C	A	0.239
2	202530866	G	A	0.939
2	202530868	G	A	0.744
2	202552774	G	A	0.962
2	202552811	A	C	0.662
2	202555431	A	G	0.577
2	202555851	G	C	0.36
2	202556283	G	A	0.551
2	202556321	C	T	0.485
2	202559716	G	T	0.418
2	202559777	G	A	0.401
3	10141921	C	T	0.155
3	10141936	G	A	0.243
3	10141966	C	T	0.288
3	10142001	G	A	0.559
3	10142038	G	C	0.938
3	10142041	C	G	0.943
3	10142080	A	G	0.767
3	10142088	C	T	0.678
3	10142104	C	T	0.803
3	10142111	G	T	0.945
3	10149823	G	A	0.874
3	12584624	G	C	0.579
3	12585745	G	A	0.859
3	12591760	C	T	0.164
3	12599717	C	G	0.915
3	12600219	G	A	0.353
3	12600235	T	C	0.305
3	12604182	A	C	0.736
3	12604189	G	A	0.823
3	12604194	G	T	0.699
3	12604195	A	C	0.601
3	12604195	A	T	0.753
3	12604200	G	A	0.651
3	12604201	A	G	0.667
3	12604202	C	A	0.665
3	12612058	T	C	0.194
3	12618597	G	A	0.244
3	12618598	C	T	0.275
3	12618603	C	T	0.281
3	12618628	T	C	0.155
3	12618656	A	C	0.114
3	138372950	G	C	0.906
3	138372951	G	T	0.923
3	138397333	C	T	0.961
3	179209622	A	G	0.236
3	179218294	G	A	0.439
3	179221146	G	A	0.442
3	179224091	A	G	0.269
3	179230077	G	A	0.871
3	179234297	A	G	0.455
5	35860921	C	T	0.18
5	35860966	T	C	0.091
5	35867398	G	A	0.325
5	35867423	A	C	0.088
5	35867437	G	A	0.437
5	35867463	G	A	0.112
5	35867463	G	A	0.398
5	35871070	C	T	0.886
5	35871088	G	A	0.228
5	35873544	A	G	0.864
5	35874473	C	T	0.222
5	35874520	G	A	0.198
5	35876149	A	C	0.029
5	35876172	A	G	0.019
5	35876198	T	G	0.027
5	35876337	A	G	0.019
5	35876347	C	T	0.111
5	112767203	A	G	0.087
5	112767263	C	T	0.587
5	112767388	G	C	0.526
5	112792515	G	C	0.179
5	112819027	G	A	0.67
5	112819272	C	T	0.617
5	112827186	C	T	0.619
5	112828006	G	C	0.611
5	112838070	T	G	0.213
5	112838671	A	G	0.567
5	112838677	G	T	0.873
5	112838678	T	A	0.736
5	112839993	C	T	0.55
5	112840014	G	A	0.339
5	112840500	G	T	0.722
5	112841059	T	A	0.19
5	112843456	C	G	0.308
5	112844032	C	A	0.421
6	75832925	G	A	0.913
6	75848478	C	T	0.905
6	75890234	C	T	0.159
7	44145148	C	A	0.45
7	44145173	G	A	0.916
7	44145173	G	T	0.965
7	44145189	C	A	0.878
7	44145189	C	T	0.89
7	44145212	G	C	0.967
7	44145224	G	A	0.727
7	44145227	A	T	0.957
7	44145228	T	A	0.826
7	44145264	G	A	0.897
7	44145266	A	T	0.801
7	44145278	A	G	0.974
7	44145510	T	C	0.928
7	44145515	A	C	0.99
7	44145515	A	G	0.965
7	44145515	A	T	0.988
7	44145516	C	T	0.82
7	44145521	C	T	0.991
7	44145522	C	A	0.993
7	44145522	C	G	0.989
7	44145522	C	T	0.959
7	44145560	C	A	0.925
7	44145560	C	T	0.779
7	44145561	G	A	0.886
7	44145561	G	C	0.817
7	44145575	C	A	0.568
7	44145575	C	G	0.909
7	44145576	G	A	0.911
7	44145576	G	T	0.778
7	44145584	A	T	0.961
7	44145587	C	T	0.871
7	44145590	G	A	0.871
7	44145590	G	T	0.958
7	44145591	C	T	0.908
7	44145593	A	C	0.979
7	44145593	A	G	0.984
7	44145594	G	C	0.745
7	44145602	G	A	0.831
7	44145602	G	C	0.85
7	44145603	A	G	0.804
7	44145603	A	T	0.73
7	44145605	C	T	0.922
7	44145606	A	C	0.912
7	44145606	A	G	0.967
7	44145608	A	C	0.963
7	44145608	A	G	0.93
7	44145608	A	T	0.946
7	44145611	T	G	0.789
7	44145614	G	A	0.968
7	44145614	G	C	0.922
7	44145614	G	T	0.985
7	44145617	G	A	0.967
7	44145617	G	C	0.901
7	44145617	G	T	0.984
7	44145618	C	G	0.94
7	44145618	C	T	0.922
7	44145620	C	A	0.988
7	44145620	C	T	0.981
7	44145621	G	A	0.992
7	44145621	G	T	0.988
7	44145629	A	T	0.968
7	44145630	C	T	0.952
7	44145637	G	C	0.891
7	44145638	C	A	0.931
7	44145638	C	T	0.956
7	44145639	A	G	0.98
7	44145651	C	T	0.929
7	44145663	C	T	0.869
7	44145708	T	A	0.83
7	44145720	C	A	0.861
7	44145726	T	G	0.296
7	44146466	T	C	0.993
7	44146467	C	T	0.963
7	44146506	T	G	0.822
7	44146571	A	G	0.874
7	44146584	C	G	0.964
7	44146584	C	T	0.977
7	44146598	C	A	0.961
7	44146598	C	T	0.907
7	44146599	C	T	0.956
7	44147678	C	G	0.698
7	44147689	C	A	0.702
7	44147689	C	G	0.811
7	44147690	G	A	0.901
7	44147690	G	C	0.792
7	44147711	C	T	0.727
7	44147723	C	T	0.847
7	44147731	C	T	0.989
7	44147732	C	G	0.913
7	44147732	C	T	0.914
7	44147737	G	A	0.948
7	44147738	C	A	0.744
7	44147738	C	T	0.901
7	44147764	C	T	0.871
7	44147765	G	A	0.944
7	44147776	C	G	0.839
7	44147776	C	T	0.882
7	44147777	C	T	0.905
7	44147824	C	T	0.966
7	44147825	A	G	0.85
7	44147830	G	A	0.966
7	44147830	G	C	0.964
7	44147830	G	T	0.976
7	44147831	T	C	0.931
7	44149762	A	G	0.822
7	44149763	C	T	0.789
7	44149778	C	T	0.789
7	44149781	A	G	0.84
7	44149790	C	T	0.677
7	44149809	C	A	0.94
7	44149809	C	T	0.94
7	44149810	A	G	0.982
7	44149810	A	T	0.979
7	44149811	T	C	0.952
7	44149816	G	A	0.851
7	44149817	C	G	0.906
7	44149817	C	T	0.905
7	44149831	A	G	0.946
7	44149834	A	C	0.969
7	44149834	A	G	0.917
7	44149838	C	A	0.929
7	44149976	C	T	0.873
7	44149977	G	A	0.936
7	44149981	G	C	0.841
7	44149982	A	G	0.969
7	44149989	C	A	0.922
7	44149989	C	G	0.85
7	44150024	C	T	0.914
7	44150025	C	G	0.965
7	44150025	C	T	0.965
7	44150027	G	A	0.912
7	44150045	G	A	0.997
7	44150045	G	T	0.879
7	44150046	T	C	0.974
7	44150046	T	G	0.988
7	44150973	G	A	0.88
7	44150974	C	A	0.766
7	44150975	C	G	0.814
7	44150978	A	C	0.953
7	44150981	G	T	0.985
7	44150982	G	A	0.973
7	44150984	A	G	0.981
7	44150985	A	G	0.992
7	44150985	A	T	0.994
7	44150989	G	T	0.954
7	44150990	A	G	0.983
7	44150990	A	T	0.962
7	44151002	A	C	0.981
7	44151002	A	G	0.983
7	44151050	A	G	0.932
7	44151050	A	T	0.937
7	44151069	C	G	0.985
7	44151069	C	T	0.817
7	44151074	A	G	0.98
7	44151075	G	A	0.954
7	44151075	G	C	0.948
7	44151075	G	T	0.91
7	44152284	C	A	0.953
7	44152285	C	G	0.971
7	44152312	A	G	0.949
7	44152420	C	T	0.994
7	44153306	C	T	0.983
7	44153324	A	G	0.97
7	44153325	C	T	0.972
7	44153342	T	G	0.957
7	44153363	G	T	0.691
7	44153367	C	T	0.696
7	44153381	C	T	0.816
7	44153382	G	A	0.924
7	44153396	T	A	0.657
7	44153396	T	G	0.887
7	44153399	A	C	0.974
7	44153399	A	G	0.956
7	44153400	T	C	0.876
7	44153403	G	A	0.911
7	44188944	C	T	0.312
7	107661788	C	G	0.108
7	107663331	C	G	0.426
7	107672182	C	T	0.982
7	107672245	G	T	0.898
7	107674302	G	C	0.876
7	107674313	G	T	0.481
7	107675050	C	G	0.319
7	107683281	G	A	0.719
7	107689054	T	C	0.858
7	107689112	T	C	0.955
7	107689120	G	A	0.849
7	107690178	G	A	0.77
7	107690203	C	T	0.907
7	107694642	A	T	0.891
7	107700162	G	A	0.63
7	107701101	G	A	0.547
7	107701986	A	G	0.236
7	107710109	G	T	0.352
7	140734663	T	C	0.084
7	140749350	T	C	0.247
7	140753336	A	C	0.925
7	140753339	G	A	0.883
7	140753339	G	C	0.359
7	140753339	G	C	0.693
7	140753348	C	A	0.847
7	140753348	C	A	0.989
7	140753350	A	C	0.221
7	140753350	A	C	0.908
7	140753354	T	A	0.718
7	140753354	T	A	0.977
7	140754187	T	C	0.932
7	140754187	T	C	0.95
7	140777011	C	T	0.309
7	140777011	C	T	0.912
7	140778053	C	A	0.758
7	140778053	C	G	0.757
7	140778054	A	G	0.956
7	140781597	C	A	0.782
7	140781597	C	A	0.975
7	140781602	C	T	0.921
7	140781602	C	T	0.949
7	140781617	C	T	0.453
7	140781617	C	T	0.949
7	140781625	T	C	0.084
7	140781676	C	T	0.104
7	140783108	T	C	0.013
7	140787575	T	C	0.507
7	140800366	T	C	0.156
7	140800374	G	A	0.297
7	140801479	C	G	0.917
7	140801502	T	C	0.838
7	140801531	A	C	0.816
7	140801532	A	G	0.935
7	140801533	A	C	0.921
7	140801533	A	G	0.902
7	140801536	C	G	0.928
7	140801537	T	A	0.834
7	140801537	T	G	0.834
7	140801542	T	G	0.855
7	140801550	G	T	0.946
7	140808049	T	C	0.318
7	140924612	G	C	0.207
9	127815951	G	A	0.188
9	127816033	C	T	0.043
9	127818161	A	C	0.861
9	127818173	C	T	0.399
9	127818220	C	T	0.579
9	127818296	C	T	0.239
9	127818828	T	G	0.041
9	127824800	C	T	0.202
9	127825722	A	G	0.478
9	127825812	C	T	0.275
9	127826586	C	G	0.762
9	127826641	G	A	0.315
9	127854354	A	C	0.437
10	14908593	C	T	0.037
10	14909153	C	T	0.032
10	14909203	T	G	0.028
10	14926856	G	C	0.464
10	14932906	T	C	0.058
10	14934486	C	T	0.132
10	14934502	C	G	0.35
10	14934728	G	C	0.565
10	14935470	C	T	0.603
10	14935508	G	A	0.322
10	14935521	C	T	0.805
10	14936554	A	G	0.932
10	14945124	C	G	0.1
10	14945157	G	A	0.916
10	14945182	C	A	0.546
10	14953908	G	C	0.973
10	14953916	G	A	0.896
10	14953916	G	C	0.867
10	14953929	C	G	0.794
10	14953964	A	G	0.924
10	71511163	A	G	0.796
10	71511216	G	A	0.028
10	71570884	C	T	0.516
10	71694233	C	T	0.211
10	71705043	G	A	0.616
10	71730514	A	G	0.279
10	71778252	G	A	0.17
10	71791167	C	T	0.701
10	87864470	A	G	0.922
10	87864485	A	G	0.89
10	87864513	G	A	0.7
10	87864513	G	C	0.87
10	87864528	G	T	0.931
10	87864533	G	C	0.965
10	87894025	A	C	0.966
10	87894025	A	G	0.991
10	87894036	A	G	0.919
10	87894048	A	G	0.953
10	87894049	T	G	0.99
10	87894051	G	A	0.995
10	87894051	G	C	0.995
10	87894052	G	A	0.98
10	87894058	C	T	0.923
10	87894085	G	A	0.903
10	87894094	T	C	0.979
10	87925518	T	G	0.965
10	87925529	C	G	0.958
10	87925530	A	G	0.981
10	87925546	G	T	0.791
10	87925557	T	C	0.988
10	87931048	G	A	0.957
10	87931071	G	A	0.485
10	87933037	A	C	0.974
10	87933037	A	G	0.968
10	87933043	C	T	0.929
10	87933046	C	T	0.933
10	87933073	G	A	0.9
10	87933078	G	T	0.827
10	87933079	A	T	0.862
10	87933090	T	C	0.961
10	87933093	C	G	0.892
10	87933126	C	G	0.98
10	87933127	A	G	0.985
10	87933129	T	C	0.966
10	87933147	C	G	0.962
10	87933148	G	A	0.976
10	87933148	G	C	0.984
10	87933151	C	T	0.965
10	87933154	G	A	0.991
10	87933161	G	C	0.892
10	87933166	G	A	0.974
10	87933181	A	C	0.926
10	87933223	A	G	0.968
10	87933236	G	T	0.98
10	87952118	G	A	0.945
10	87952125	C	A	0.751
10	87952135	T	A	0.953
10	87952142	C	T	0.972
10	87952145	T	A	0.946
10	87952146	A	G	0.978
10	87952167	T	C	0.984
10	87952235	C	G	0.881
10	87952258	C	G	0.856
10	87957940	T	C	0.858
10	87957955	C	T	0.824
10	87957958	T	C	0.918
10	87957973	A	G	0.971
10	87960922	C	G	0.975
10	87960922	C	T	0.988
10	87960974	T	G	0.365
10	87960984	C	G	0.229
10	87961039	T	C	0.77
10	87965294	T	C	0.877
10	87965321	C	A	0.497
10	87965338	A	G	0.441
10	110964362	A	G	0.39
10	110964368	A	C	0.113
10	110964396	A	C	0.201
10	110964735	C	T	0.165
10	110964968	A	G	0.137
10	110964971	A	G	0.26
10	111011663	A	G	0.122
11	532686	G	A	0.082
11	533553	T	C	0.916
11	533799	T	G	0.367
11	533881	C	T	0.755
11	533883	G	A	0.777
11	534286	C	A	0.745
11	534289	C	T	0.695
11	14294844	T	A	0.918
11	14294851	C	T	0.863
11	36573555	A	G	0.114
11	36573790	T	A	0.424
11	36573881	G	A	0.2
11	36574029	A	G	0.017
11	36574050	A	G	0.026
11	36574210	C	A	0.481
11	36574635	C	T	0.6
11	36574650	G	A	0.309
11	36574877	C	T	0.553
11	36575399	C	T	0.817
11	36575763	A	G	0.204
11	36575942	G	A	0.578
11	36592773	G	A	0.74
11	36592812	A	T	0.952
11	36592817	C	G	0.913
11	36592831	G	C	0.798
11	36592837	G	C	0.731
11	36592860	C	T	0.876
11	36592922	C	A	0.957
11	36593011	G	T	0.798
11	36593291	T	C	0.184
11	36593483	C	T	0.956
11	36593484	G	A	0.947
11	36593525	G	A	0.452
11	36593886	C	T	0.937
11	36593952	G	A	0.952
11	36593976	C	A	0.886
11	36594054	T	C	0.88
11	36594065	C	G	0.898
11	36594147	C	T	0.166
11	36594166	C	T	0.718
11	77156022	T	A	0.939
11	77156900	A	G	0.957
11	77158332	G	A	0.669
11	77158404	T	A	0.991
11	77159450	G	A	0.734
11	77160265	C	T	0.773
11	77160980	A	G	0.941
11	77172799	T	C	0.922
11	77179925	G	A	0.741
11	77181589	G	T	0.563
11	77184715	G	A	0.976
11	77189386	C	A	0.833
11	77190808	G	C	0.833
11	77205599	G	A	0.936
11	77207350	T	C	0.961
11	77211162	A	G	0.748
11	77211909	C	T	0.821
11	77214608	G	A	0.915
11	108227626	T	C	0.401
11	108227849	C	G	0.06
11	108245000	C	T	0.752
11	108248940	A	G	0.054
11	108267318	C	T	0.122
11	108272572	A	G	0.096
11	108272591	T	C	0.854
11	108284405	G	A	0.076
11	108289759	T	C	0.329
11	108289759	T	C	0.802
11	108301706	G	A	0.851
11	108327664	T	C	0.193
11	108329202	T	G	0.855
11	108345818	C	T	0.83
11	108345870	G	C	0.919
11	121113629	A	G	0.186
11	121118626	A	G	0.161
11	121125534	C	T	0.037
11	121128038	C	G	0.127
11	121137576	C	T	0.552
11	121146015	G	A	0.35
11	121168762	T	C	0.801
12	5949139	C	G	0.876
12	5949140	A	G	0.903
12	5952393	C	T	0.294
12	5952509	G	A	0.027
12	5994484	G	A	0.437
12	6016592	C	A	0.757
12	6016654	G	A	0.352
12	6018535	A	G	0.703
12	6018629	G	A	0.748
12	6018670	C	T	0.229
12	6018725	C	A	0.183
12	6019004	C	G	0.188
12	6019174	C	T	0.823
12	6019193	C	A	0.722
12	6019223	G	A	0.712
12	6019277	T	C	0.187
12	6019313	A	T	0.893
12	6019396	C	T	0.792
12	6019447	C	G	0.719
12	6019448	C	T	0.718
12	6019472	C	T	0.74
12	6019474	C	T	0.815
12	6019477	A	T	0.761
12	6019478	C	A	0.741
12	6019478	C	G	0.597
12	6019489	G	A	0.937
12	6019496	G	A	0.673
12	6019502	G	A	0.769
12	6019726	T	G	0.069
12	6019732	A	C	0.149
12	6022793	G	A	0.677
12	6022833	A	G	0.971
12	6022841	T	C	0.872
12	6029409	C	T	0.306
12	6034738	C	T	0.66
12	6034812	C	T	0.487
12	6036388	C	T	0.579
12	6036424	G	T	0.059
12	6036488	G	A	0.756
12	6044361	G	A	0.869
12	6046784	C	T	0.059
12	6057850	C	A	0.038
12	6057995	T	C	0.555
12	6110515	C	T	0.141
12	25209904	T	A	0.791
12	25227330	C	A	0.6
12	25227346	C	G	0.938
12	25227351	G	A	0.921
12	25245284	G	A	0.867
12	25245320	T	C	0.749
12	25245345	C	T	0.803
12	25245370	T	A	0.764
12	51786552	A	G	0.832
12	51794436	G	A	0.4
12	51794533	A	G	0.426
12	51807101	G	A	0.929
12	51913125	C	T	0.499
12	51914465	C	T	0.816
12	51914519	G	A	0.668
12	51915434	C	T	0.991
12	51915450	G	T	0.975
12	51916219	G	A	0.904
12	51919086	A	G	0.245
12	51920826	C	T	0.839
12	102840411	T	A	0.707
12	102840414	G	A	0.874
12	102840414	G	T	0.966
12	102840426	A	G	0.976
12	102840430	G	T	0.712
12	102840453	A	C	0.969
12	102840453	A	G	0.959
12	102840456	C	A	0.835
12	102840459	T	C	0.847
12	102840463	T	G	0.964
12	102840465	T	C	0.95
12	102840466	A	C	0.991
12	102840468	G	T	0.986
12	102840471	T	A	0.954
12	102840472	C	A	0.923
12	102840472	C	T	0.567
12	102840474	T	C	0.982
12	102840477	C	G	0.895
12	102840478	G	T	0.934
12	102840486	A	C	0.99
12	102840487	A	T	0.969
12	102840492	C	T	0.909
12	102840493	G	A	0.887
12	102840495	G	A	0.951
12	102840497	T	C	0.775
12	102840498	A	G	0.965
12	102840499	T	C	0.776
12	102840507	G	A	0.922
12	102840515	C	A	0.901
12	102843646	C	G	0.8
12	102843649	A	G	0.866
12	102843658	T	C	0.835
12	102843661	G	T	0.996
12	102843664	T	G	0.93
12	102843665	C	A	0.942
12	102843665	C	G	0.913
12	102843671	A	T	0.974
12	102843673	C	G	0.883
12	102843676	T	C	0.973
12	102843682	A	G	0.919
12	102843683	C	G	0.678
12	102843683	C	T	0.862
12	102843686	A	C	0.977
12	102843686	A	G	0.94
12	102843688	T	C	0.975
12	102843689	A	C	0.977
12	102843691	A	G	0.817
12	102843699	G	C	0.776
12	102843701	A	G	0.89
12	102843706	G	A	0.974
12	102843715	T	C	0.849
12	102843716	A	C	0.932
12	102843722	G	C	0.74
12	102843727	G	T	0.958
12	102843728	C	T	0.739
12	102843730	G	C	0.922
12	102843731	T	A	0.908
12	102843736	T	C	0.744
12	102843740	G	C	0.598
12	102843743	C	T	0.711
12	102843748	G	T	0.929
12	102843761	G	A	0.796
12	102843764	T	G	0.725
12	102843769	G	A	0.827
12	102843771	T	A	0.743
12	102843776	A	C	0.907
12	102844347	C	G	0.984
12	102844353	A	T	0.969
12	102844358	A	G	0.981
12	102844368	C	A	0.96
12	102844368	C	T	0.977
12	102844370	C	T	0.992
12	102844371	C	T	0.99
12	102844374	A	C	0.984
12	102844374	A	T	0.957
12	102844378	C	G	0.874
12	102844379	T	G	0.945
12	102844385	G	A	0.716
12	102844389	C	A	0.658
12	102844394	T	C	0.958
12	102844400	C	G	0.976
12	102844403	A	G	0.991
12	102844404	G	A	0.948
12	102844407	C	T	0.991
12	102844419	T	C	0.971
12	102844424	C	G	0.874
12	102844427	T	C	0.992
12	102844430	A	T	0.889
12	102846899	G	C	0.862
12	102846900	C	T	0.889
12	102846923	G	T	0.91
12	102846924	G	A	0.782
12	102846924	G	T	0.867
12	102846926	G	A	0.907
12	102846929	C	A	0.942
12	102846929	C	T	0.958
12	102846932	A	G	0.976
12	102846935	G	A	0.993
12	102846938	G	A	0.921
12	102846939	C	T	0.949
12	102846942	G	A	0.892
12	102846942	G	C	0.892
12	102846944	C	T	0.983
12	102846948	T	C	0.843
12	102851688	T	C	0.98
12	102851689	G	T	0.973
12	102851692	A	C	0.954
12	102851692	A	G	0.993
12	102851696	C	A	0.831
12	102851697	T	G	0.987
12	102851700	G	A	0.988
12	102851701	C	A	0.944
12	102851709	C	A	0.578
12	102851709	C	T	0.64
12	102851710	G	A	0.824
12	102851724	G	A	0.986
12	102851731	G	A	0.983
12	102851734	C	G	0.98
12	102851734	C	T	0.98
12	102851740	G	C	0.822
12	102851743	C	T	0.971
12	102851749	A	G	0.903
12	102851751	A	T	0.898
12	102851752	T	C	0.438
12	102852815	G	A	0.983
12	102852816	G	A	0.991
12	102852824	G	A	0.911
12	102852824	G	C	0.809
12	102852824	G	T	0.79
12	102852825	T	C	0.977
12	102852827	T	C	0.94
12	102852828	A	C	0.954
12	102852830	A	C	0.882
12	102852830	A	T	0.783
12	102852831	T	C	0.786
12	102852833	G	A	0.92
12	102852833	G	C	0.964
12	102852834	G	A	0.954
12	102852837	T	C	0.513
12	102852839	G	A	0.978
12	102852844	A	C	0.915
12	102852845	T	C	0.969
12	102852848	C	T	0.947
12	102852852	T	G	0.799
12	102852854	T	C	0.962
12	102852856	C	G	0.952
12	102852857	T	C	0.979
12	102852858	G	C	0.935
12	102852861	T	G	0.98
12	102852863	C	T	0.913
12	102852869	A	G	0.984
12	102852872	A	C	0.954
12	102852875	C	G	0.978
12	102852875	C	T	0.985
12	102852884	A	G	0.972
12	102852887	C	A	0.991
12	102852902	C	G	0.966
12	102852902	C	T	0.939
12	102852903	G	A	0.977
12	102852903	G	C	0.951
12	102852911	A	T	0.977
12	102852912	G	A	0.981
12	102852918	C	G	0.981
12	102852918	C	T	0.981
12	102852920	G	A	0.932
12	102852923	A	G	0.901
12	102852924	C	G	0.96
12	102852924	C	T	0.942
12	102852926	G	A	0.937
12	102852927	G	A	0.964
12	102852929	C	A	0.966
12	102852933	G	A	0.902
12	102852935	C	T	0.894
12	102852936	G	A	0.857
12	102852938	A	G	0.969
12	102852941	C	A	0.978
12	102852945	T	C	0.949
12	102852945	T	G	0.972
12	102855143	G	C	0.904
12	102855143	G	T	0.904
12	102855145	A	T	0.92
12	102855148	G	C	0.425
12	102855153	A	G	0.945
12	102855154	C	T	0.512
12	102855156	T	C	0.922
12	102855158	T	G	0.688
12	102855162	A	T	0.971
12	102855163	G	C	0.899
12	102855166	G	T	0.868
12	102855168	G	A	0.967
12	102855169	G	C	0.986
12	102855174	T	A	0.879
12	102855177	T	A	0.938
12	102855177	T	C	0.882
12	102855180	T	C	0.924
12	102855183	T	G	0.397
12	102855189	C	A	0.928
12	102855193	A	C	0.923
12	102855204	A	G	0.976
12	102855207	A	G	0.974
12	102855211	G	T	0.881
12	102855222	T	C	0.77
12	102855225	T	C	0.96
12	102855229	C	T	0.943
12	102855231	T	C	0.782
12	102855233	G	C	0.91
12	102855234	C	T	0.98
12	102855237	G	A	0.965
12	102855238	C	T	0.936
12	102855239	A	C	0.885
12	102855241	G	A	0.804
12	102855251	C	G	0.82
12	102855261	A	G	0.899
12	102855279	C	A	0.8
12	102855279	C	T	0.84
12	102855281	C	G	0.94
12	102855283	A	G	0.918
12	102855294	T	C	0.977
12	102855297	T	C	0.929
12	102855307	A	G	0.964
12	102855307	A	T	0.929
12	102855309	T	A	0.866
12	102855309	T	C	0.841
12	102855310	C	T	0.607
12	102855313	C	G	0.778
12	102855313	C	T	0.89
12	102855315	C	A	0.617
12	102855315	C	T	0.623
12	102855319	G	A	0.851
12	102855321	A	G	0.971
12	102855322	T	C	0.783
12	102855326	C	A	0.79
12	102855330	C	G	0.947
12	102855331	C	T	0.966
12	102866597	G	C	0.938
12	102866599	C	T	0.74
12	102866600	G	A	0.678
12	102866600	G	C	0.848
12	102866600	G	T	0.805
12	102866605	T	A	0.645
12	102866611	G	T	0.985
12	102866612	C	T	0.941
12	102866615	T	C	0.689
12	102866632	C	T	0.965
12	102866633	G	A	0.939
12	102866639	C	G	0.832
12	102866641	C	G	0.967
12	102866641	C	T	0.948
12	102866642	G	A	0.952
12	102866644	T	A	0.959
12	102866644	T	C	0.977
12	102866645	A	G	0.967
12	102866662	C	A	0.942
12	102866662	C	T	0.944
12	102866663	C	G	0.947
12	102866663	C	T	0.949
12	102877463	G	A	0.94
12	102877464	G	A	0.96
12	102877469	T	A	0.987
12	102877508	G	A	0.878
12	102877517	T	C	0.984
12	102877539	G	A	0.983
12	102877542	A	C	0.99
12	102877548	G	A	0.954
12	102894758	G	A	0.717
12	102894767	T	C	0.566
12	102894776	G	A	0.508
12	102894776	G	T	0.609
12	102894786	C	T	0.465
12	102894794	A	G	0.846
12	102894795	A	C	0.704
12	102894804	T	A	0.658
12	102894837	C	A	0.819
12	102894845	G	T	0.856
12	102894863	T	A	0.705
12	102894863	T	C	0.454
12	102894864	C	G	0.645
12	102894875	C	T	0.749
12	102894878	G	A	0.832
12	102894879	A	G	0.968
12	102894882	G	A	0.673
12	102894883	T	A	0.897
12	102894885	T	C	0.93
12	102894888	A	G	0.954
12	102894891	C	T	0.869
12	102894893	A	T	0.957
12	102894894	T	C	0.795
12	102894902	A	G	0.972
12	102894904	G	C	0.815
12	102912791	C	A	0.626
12	102912795	A	G	0.96
12	102912798	A	G	0.876
12	102912802	G	A	0.766
12	102912804	A	G	0.968
12	102912816	A	G	0.97
12	102912819	G	A	0.797
12	102912823	C	G	0.906
12	102912823	C	T	0.898
12	102912834	T	A	0.933
12	102912837	A	G	0.868
12	102912838	G	A	0.908
12	102912842	G	C	0.752
12	102912849	A	G	0.983
12	102917128	C	G	0.617
12	102917128	C	T	0.617
12	102917129	A	C	0.612
12	102917129	A	G	0.642
12	102917130	T	A	0.612
12	102917130	T	C	0.623
12	112446314	A	G	0.301
12	112450335	C	T	0.912
12	112450346	A	G	0.772
12	112450347	T	C	0.969
12	112450364	T	G	0.9
12	112450368	A	G	0.955
12	112450385	G	C	0.726
12	112450389	A	G	0.668
12	112450395	C	T	0.921
12	112453254	A	G	0.311
12	112453279	G	C	0.769
12	112454596	G	T	0.068
12	112472968	C	T	0.547
12	112472969	T	A	0.558
12	112472981	G	A	0.814
12	112477719	A	G	0.838
12	112477722	A	G	0.53
12	112477951	G	A	0.6
12	112477975	G	A	0.516
12	112488466	C	T	0.965
12	112489086	A	G	0.945
12	112489105	A	C	0.977
12	112489106	G	C	0.94
12	112502202	C	T	0.142
12	112502222	C	T	0.206
12	120978769	A	C	0.924
12	120978769	A	G	0.947
12	120978769	A	T	0.924
12	120978770	T	C	0.944
12	120978784	A	T	0.853
12	120978785	G	A	0.625
12	120978796	A	C	0.656
12	120978802	C	G	0.861
12	120978802	C	T	0.925
12	120978803	T	G	0.941
12	120978826	G	A	0.956
12	120978826	G	C	0.956
12	120978827	G	A	0.952
12	120978827	G	C	0.953
12	120978845	T	C	0.946
12	120978860	G	A	0.591
12	120978866	C	T	0.537
12	120978910	G	A	0.691
12	120978953	A	G	0.555
12	120979087	C	A	0.751
12	120979087	C	G	0.821
12	120979088	T	C	0.937
12	120979088	T	G	0.93
12	120988841	C	T	0.966
12	120988849	G	T	0.902
12	120988853	C	T	0.951
12	120988864	A	G	0.986
12	120988866	G	C	0.817
12	120988871	A	G	0.977
12	120988873	C	G	0.777
12	120988894	C	G	0.903
12	120988896	G	T	0.925
12	120988897	C	T	0.903
12	120988898	G	A	0.985
12	120988898	G	T	0.994
12	120988900	G	A	0.972
12	120988901	A	T	0.93
12	120988903	G	A	0.974
12	120988921	C	G	0.848
12	120988921	C	T	0.903
12	120988922	T	C	0.979
12	120988931	C	T	0.977
12	120988933	C	T	0.964
12	120988935	C	G	0.948
12	120988940	C	T	0.989
12	120988981	C	G	0.905
12	120988981	C	T	0.907
12	120988982	G	A	0.976
12	120989017	C	G	0.888
12	120989023	G	A	0.84
12	120993532	C	T	0.593
12	120993591	C	T	0.775
12	120993592	G	A	0.926
12	120993600	C	A	0.876
12	120993600	C	T	0.91
12	120993601	G	A	0.958
12	120993609	T	A	0.899
12	120993612	G	T	0.923
12	120993613	G	A	0.937
12	120993619	C	A	0.822
12	120993630	A	T	0.87
12	120993646	A	G	0.957
12	120993663	C	T	0.944
12	120993669	A	G	0.815
12	120993678	C	G	0.903
12	120993679	G	A	0.953
12	120993679	G	C	0.973
12	120993687	C	G	0.688
12	120993688	T	C	0.936
12	120993690	G	C	0.893
12	120993690	G	T	0.892
12	120993702	A	C	0.816
12	120993702	A	G	0.893
12	120993703	A	G	0.706
12	120994171	T	C	0.971
12	120994171	T	G	0.964
12	120994186	G	T	0.781
12	120994187	T	G	0.947
12	120994216	T	A	0.782
12	120994229	C	A	0.925
12	120994229	C	G	0.943
12	120994229	C	T	0.956
12	120994231	G	A	0.943
12	120994237	C	T	0.948
12	120994238	G	A	0.957
12	120994238	G	T	0.933
12	120994240	G	T	0.964
12	120994252	T	A	0.962
12	120994252	T	C	0.952
12	120994253	T	C	0.986
12	120994261	C	G	0.911
12	120994261	C	T	0.93
12	120994262	G	A	0.945
12	120994264	C	A	0.949
12	120994264	C	T	0.941
12	120994265	G	A	0.961
12	120994277	C	A	0.956
12	120994277	C	G	0.901
12	120994321	C	T	0.566
12	120994322	C	A	0.447
12	120996568	C	G	0.964
12	120996568	C	T	0.967
12	120996569	C	A	0.969
12	120996569	C	G	0.961
12	120997504	C	T	0.957
12	120997666	G	A	0.214
12	120997666	G	T	0.268
12	120999288	G	A	0.833
12	120999310	C	A	0.766
12	120999322	C	T	0.828
12	120999390	G	A	0.508
12	120999522	C	T	0.581
12	120999579	A	G	0.157
12	120999588	C	G	0.531
12	120999604	A	G	0.687
12	121001076	A	G	0.577
12	121001077	G	T	0.73
12	121001112	G	A	0.477
12	121001145	G	A	0.531
13	20188998	A	G	0.968
13	20188999	T	C	0.962
13	20189019	T	C	0.969
13	20189066	C	G	0.687
13	20189355	A	G	0.976
13	20189472	A	G	0.675
13	20189473	C	T	0.656
13	20189475	A	G	0.945
13	20189481	A	G	0.702
13	20189526	C	G	0.63
13	20189548	C	A	0.838
13	20189579	C	T	0.921
13	20189580	A	C	0.969
13	20189580	A	G	0.894
13	20189581	T	A	0.922
13	20189581	T	C	0.91
13	32329474	T	G	0.179
13	32332309	T	G	0.089
13	32362596	A	T	0.795
13	32363225	A	G	0.88
13	32363351	G	T	0.535
13	32363370	A	C	0.94
13	32380116	G	T	0.884
14	23413809	C	T	0.851
14	23413823	C	G	0.918
14	23413845	C	G	0.659
14	23415153	C	T	0.813
14	23415651	C	T	0.587
14	23415652	G	A	0.812
14	23416048	C	T	0.577
14	23417200	G	C	0.398
14	23417295	C	A	0.705
14	23417598	G	A	0.94
14	23418249	G	A	0.862
14	23418313	C	T	0.848
14	23418398	G	T	0.504
14	23419566	T	C	0.293
14	23419993	C	T	0.92
14	23420189	C	T	0.404
14	23421008	C	A	0.849
14	23422256	C	T	0.892
14	23422267	C	T	0.929
14	23422291	C	A	0.93
14	23423701	A	G	0.956
14	23423984	C	T	0.909
14	23424107	G	C	0.782
14	23424112	T	C	0.877
14	23424118	C	T	0.828
14	23424119	G	A	0.726
14	23424148	T	C	0.966
14	23424839	C	T	0.807
14	23424840	G	A	0.8
14	23424842	C	T	0.675
14	23424846	C	G	0.879
14	23424855	T	C	0.692
14	23424909	T	C	0.75
14	23424935	G	A	0.923
14	23425345	C	T	0.574
14	23425760	C	A	0.882
14	23425760	C	G	0.857
14	23425774	A	G	0.913
14	23425814	G	A	0.685
14	23425814	G	C	0.745
14	23425970	C	T	0.694
14	23425971	G	A	0.814
14	23425980	C	T	0.854
14	23425997	G	T	0.938
14	23426046	G	A	0.81
14	23426833	C	T	0.742
14	23427723	C	G	0.922
14	23427879	A	G	0.946
14	23428992	A	G	0.963
14	23429004	C	T	0.844
14	23429040	G	A	0.554
14	23429044	C	T	0.876
14	23429278	C	T	0.886
14	23429279	G	A	0.822
14	23429329	T	C	0.907
14	23429807	C	T	0.821
14	23429901	C	T	0.734
14	23431426	A	G	0.933
14	23431602	C	T	0.663
14	23431608	G	A	0.815
14	23431789	C	T	0.655
14	23432713	C	T	0.803
14	23432714	G	A	0.892
14	23433656	G	A	0.573
14	28767488	A	C	0.035
14	28767497	A	C	0.049
14	28767500	C	A	0.042
14	28767506	C	T	0.032
14	28767530	C	A	0.015
14	28767535	C	A	0.029
14	28767542	G	A	0.032
14	28767547	G	T	0.017
14	28767554	C	T	0.018
14	28767605	C	T	0.036
14	28767623	C	T	0.041
14	28767734	G	C	0.063
14	28767750	G	T	0.014
14	28767782	G	C	0.21
14	28767840	C	A	0.709
14	28767844	C	G	0.923
14	28767852	G	A	0.802
14	28767899	T	C	0.96
14	28767949	G	A	0.799
14	28767964	A	C	0.892
14	28767980	C	T	0.967
14	28768078	G	A	0.798
14	28768256	G	A	0.285
14	28768324	T	G	0.251
14	28768552	T	C	0.531
14	28768663	A	G	0.313
14	30877640	C	T	0.873
14	30885501	G	A	0.052
14	30885501	G	A	0.201
14	95091265	T	A	0.954
14	95091265	T	C	0.956
14	95091289	G	A	0.889
14	95091305	C	T	0.852
14	95093976	T	C	0.444
14	95094114	T	A	0.968
14	95094127	C	T	0.868
14	95094139	C	T	0.925
14	95095868	G	C	0.092
14	95096010	G	A	0.065
14	95096046	G	T	0.121
14	95096046	G	T	0.128
14	95096172	A	C	0.894
14	95096180	C	A	0.101
14	95096180	C	A	0.696
14	95096273	G	A	0.282
14	95096445	A	G	0.049
14	95096508	G	A	0.04
14	95096544	C	T	0.476
14	95096637	A	T	0.082
14	95096637	A	T	0.115
14	95099797	A	G	0.09
14	95099797	A	G	0.207
14	95103568	A	T	0.085
14	95103843	C	T	0.048
14	95103968	A	G	0.102
14	95107888	A	G	0.906
14	95107916	C	T	0.488
14	95108014	G	A	0.519
14	95115749	C	A	0.219
14	95117622	C	G	0.357
14	95117750	T	C	0.286
14	95124404	A	G	0.162
14	95124415	T	C	0.123
14	95124448	G	C	0.578
14	95124647	C	T	0.189
14	95126599	G	C	0.159
14	95126741	A	T	0.173
14	95133331	G	A	0.429
14	95133400	G	A	0.302
15	25339193	G	A	0.755
15	25355920	T	G	0.293
15	25370598	G	A	0.866
15	25371110	C	G	0.126
15	25371359	T	C	0.086
15	25371797	G	T	0.757
15	25405461	A	G	0.216
15	45362137	C	T	0.201
15	45362143	C	T	0.433
15	45362144	G	A	0.585
15	45364809	T	C	0.013
15	45366492	G	C	0.078
15	45368137	T	G	0.64
15	45368192	C	G	0.528
15	45369403	G	A	0.049
15	48411228	T	C	0.967
15	48411243	G	A	0.356
15	48415585	C	A	0.987
15	48415695	C	T	0.976
15	48420731	C	A	0.839
15	48420780	G	A	0.686
15	48421680	T	C	0.821
15	48421982	C	T	0.945
15	48425413	C	A	0.989
15	48427755	C	T	0.209
15	48427755	C	T	0.973
15	48427768	G	A	0.841
15	48430676	C	G	0.992
15	48430722	A	G	0.979
15	48432943	C	T	0.965
15	48434669	A	G	0.993
15	48436966	C	T	0.863
15	48437009	G	A	0.923
15	48437011	T	C	0.9
15	48437047	C	T	0.916
15	48437827	C	T	0.886
15	48444546	C	T	0.921
15	48444612	C	A	0.947
15	48445408	T	C	0.972
15	48446747	C	T	0.967
15	48446751	G	A	0.62
15	48448881	C	T	0.992
15	48452589	G	A	0.78
15	48468045	G	A	0.375
15	48468468	T	C	0.916
15	48470634	C	T	0.818
15	48470679	A	G	0.979
15	48470684	C	T	0.976
15	48472557	A	T	0.949
15	48472607	T	C	0.939
15	48474534	A	G	0.92
15	48485379	C	T	0.96
15	48485397	A	G	0.603
15	48487107	T	C	0.974
15	48487155	C	T	0.502
15	48487188	C	T	0.981
15	48487318	A	G	0.944
15	48487353	G	A	0.694
15	48488160	C	T	0.979
15	48489875	T	C	0.388
15	48495131	C	T	0.926
15	48495140	C	T	0.926
15	48495176	C	T	0.986
15	48497272	A	C	0.98
15	48497272	A	G	0.979
15	48505135	C	T	0.825
15	48510050	A	G	0.983
15	48513581	T	C	0.933
15	48513599	C	A	0.996
15	48513656	C	G	0.991
15	48515402	G	A	0.741
15	48515465	G	A	0.642
15	48515476	C	T	0.928
15	48520733	C	T	0.939
15	48520776	G	A	0.884
15	48526133	T	C	0.274
15	48526207	C	T	0.986
15	48537718	C	T	0.94
15	48610736	G	C	0.384
15	48613058	A	G	0.883
15	48644691	C	T	0.097
15	66435104	T	C	0.938
15	66435115	A	C	0.726
15	66435145	G	A	0.594
15	66435145	G	A	0.697
15	66435221	T	G	0.793
15	66436769	C	T	0.14
15	66436777	G	T	0.831
15	66436818	A	G	0.165
15	66436818	A	G	0.6
15	66436824	C	T	0.36
15	66436824	C	T	0.855
15	66436842	T	C	0.643
15	66436842	T	C	0.919
15	66436843	A	G	0.977
15	66481794	A	G	0.785
15	66485007	G	A	0.266
15	66485100	C	G	0.467
15	66485144	C	T	0.019
15	89317446	C	A	0.876
15	89318595	T	C	0.576
15	89318737	G	A	0.837
15	89324193	C	T	0.206
15	89326688	G	A	0.409
16	23607864	C	T	0.254
16	23607965	C	G	0.081
16	23621421	C	G	0.118
16	23630127	A	G	0.003
16	23630140	C	G	0.029
16	23635825	T	C	0.013
16	68737416	A	G	0.301
16	68737417	T	A	0.332
16	68737417	T	C	0.347
16	68737417	T	G	0.355
16	68737418	G	A	0.278
16	68737419	G	A	0.048
16	68737423	C	G	0.085
16	68738336	C	A	0.586
16	68738340	G	T	0.365
16	68738361	C	A	0.221
16	68738361	C	T	0.193
16	68738373	C	T	0.192
16	68738408	A	G	0.219
16	68738409	G	A	0.048
16	68801670	T	G	0.64
16	68801679	A	T	0.16
16	68801690	G	A	0.281
16	68801694	G	A	0.053
16	68801720	G	A	0.26
16	68801727	G	A	0.252
16	68801729	T	C	0.509
16	68801775	G	A	0.084
16	68801792	A	G	0.072
16	68801810	G	A	0.253
16	68801850	C	T	0.354
16	68801876	C	T	0.201
16	68801877	G	A	0.645
16	68808430	G	A	0.051
16	68808535	G	A	0.153
16	68808707	A	C	0.031
16	68808765	G	A	0.064
16	68808831	C	T	0.207
16	68808832	G	A	0.07
16	68810224	G	A	0.457
16	68810233	G	A	0.125
16	68810240	A	G	0.311
16	68810317	T	G	0.293
16	68810329	G	A	0.174
16	68811717	C	T	0.153
16	68811743	G	A	0.339
16	68811855	G	A	0.645
16	68811859	G	T	0.625
16	68812144	A	G	0.29
16	68812145	C	T	0.068
16	68812183	G	A	0.067
16	68812244	C	T	0.728
16	68812258	A	C	0.099
16	68812262	C	T	0.03
16	68813337	G	A	0.025
16	68813349	G	A	0.054
16	68813353	T	A	0.31
16	68813398	C	T	0.35
16	68813400	T	C	0.556
16	68813448	G	A	0.078
16	68813471	C	G	0.334
16	68813472	G	A	0.09
16	68813473	A	G	0.392
16	68815554	G	A	0.171
16	68815603	C	T	0.5
16	68815611	G	A	0.172
16	68815687	A	C	0.502
16	68815759	C	T	0.31
16	68819282	A	G	0.771
16	68819393	C	G	0.199
16	68819398	A	G	0.044
16	68819417	C	G	0.194
16	68822063	G	A	0.379
16	68822138	G	A	0.087
16	68822154	A	G	0.317
16	68822177	C	G	0.345
16	68823482	A	T	0.175
16	68823515	G	A	0.47
16	68823566	G	A	0.06
16	68823593	C	G	0.025
16	68828204	G	A	0.436
16	68828213	C	T	0.049
16	68829687	G	A	0.413
16	68829694	G	A	0.369
16	68829701	A	T	0.208
16	68829757	G	A	0.571
16	68829771	G	A	0.374
16	68833300	C	T	0.574
16	68833344	G	A	0.739
16	68833362	A	G	0.235
16	68833485	G	A	0.366
16	68833488	G	A	0.322
16	68834273	A	G	0.014
17	7220033	C	T	0.236
17	7220127	G	A	0.123
17	7220187	G	A	0.259
17	7220519	C	T	0.276
17	7220664	C	T	0.922
17	7220945	A	G	0.856
17	7221000	G	A	0.963
17	7221541	G	A	0.773
17	7221575	T	C	0.835
17	7221598	G	A	0.916
17	7221613	G	A	0.971
17	7221662	A	G	0.954
17	7221665	T	C	0.953
17	7221679	T	C	0.792
17	7221966	G	A	0.917
17	7221966	G	C	0.946
17	7221972	T	C	0.951
17	7221981	G	A	0.957
17	7221993	G	A	0.981
17	7222203	C	T	0.875
17	7222214	A	G	0.871
17	7222272	T	C	0.905
17	7222289	G	A	0.824
17	7222684	A	T	0.963
17	7222741	C	T	0.947
17	7223152	G	A	0.975
17	7223199	A	C	0.957
17	7223201	G	C	0.911
17	7223681	G	C	0.803
17	7223865	G	A	0.982
17	7223984	G	A	0.92
17	7223993	G	A	0.974
17	7224002	G	A	0.947
17	7224007	T	C	0.828
17	7224011	G	A	0.864
17	7224040	C	T	0.947
17	7224041	G	A	0.955
17	7224179	G	C	0.794
17	7224966	C	T	0.772
17	7669628	T	G	0.547
17	7669640	A	G	0.329
17	7669641	T	C	0.355
17	7669655	C	A	0.345
17	7669655	C	T	0.338
17	7669656	G	T	0.363
17	7669671	C	G	0.368
17	7669689	G	A	0.345
17	7670613	A	C	0.585
17	7670616	G	A	0.714
17	7670630	C	G	0.301
17	7670643	C	G	0.138
17	7670649	G	T	0.21
17	7670669	G	T	0.812
17	7670678	A	G	0.862
17	7670684	C	G	0.65
17	7670684	C	T	0.104
17	7670694	C	G	0.698
17	7670711	C	T	0.554
17	7670712	G	A	0.862
17	7673579	G	T	0.321
17	7673585	A	T	0.426
17	7673593	G	C	0.405
17	7673713	T	C	0.37
17	7673728	C	T	0.286
17	7673734	G	A	0.368
17	7673737	G	A	0.308
17	7673743	C	A	0.675
17	7673745	T	C	0.473
17	7673751	C	T	0.584
17	7673752	G	A	0.709
17	7673754	A	G	0.518
17	7673769	G	A	0.699
17	7673773	G	A	0.74
17	7673802	C	T	0.868
17	7673806	C	T	0.907
17	7674184	G	T	0.668
17	7674203	T	C	0.78
17	7674220	C	A	0.96
17	7674220	C	T	0.934
17	7674221	G	A	0.927
17	7674230	C	T	0.947
17	7674252	C	T	0.923
17	7674259	T	C	0.593
17	7674872	T	C	0.936
17	7674890	T	C	0.885
17	7674953	T	G	0.87
17	7674959	G	C	0.617
17	7674962	G	A	0.824
17	7675056	C	T	0.532
17	7675058	C	T	0.325
17	7675074	C	T	0.823
17	7675075	A	T	0.79
17	7675080	G	C	0.892
17	7675088	C	A	0.96
17	7675088	C	T	0.922
17	7675089	G	C	0.829
17	7675095	C	T	0.892
17	7675103	G	A	0.868
17	7675124	T	C	0.872
17	7675132	C	T	0.656
17	7675143	C	T	0.425
17	7675157	G	A	0.878
17	7675184	A	G	0.574
17	7675209	A	C	0.965
17	7675216	C	G	0.895
17	7675232	G	T	0.918
17	7676005	C	T	0.77
17	7676025	T	C	0.484
17	7676040	C	T	0.592
17	7676047	C	T	0.612
17	7676050	A	G	0.569
17	7676119	C	T	0.404
17	7676124	G	A	0.57
17	7676148	G	A	0.234
17	7676152	C	T	0.37
17	7676154	G	T	0.352
17	7676181	G	A	0.282
17	7676181	G	C	0.231
17	7676220	A	G	0.352
17	7676224	C	G	0.315
17	7676224	C	T	0.235
17	7676225	G	T	0.364
17	7676230	G	A	0.32
17	7676262	G	T	0.434
17	7676264	C	G	0.486
17	7676567	C	G	0.513
17	7676567	C	T	0.474
17	7676574	A	T	0.515
17	7676584	G	A	0.533
17	18119911	C	A	0.147
17	18120382	G	A	0.017
17	18121038	G	T	0.118
17	18131523	G	A	0.891
17	18143584	T	C	0.264
17	18145935	A	T	0.91
17	18167639	G	A	0.199
17	28524584	C	T	0.277
17	28524741	C	T	0.207
17	28529107	G	A	0.379
17	28530798	G	A	0.731
17	28530798	G	C	0.68
17	28534361	C	T	0.94
17	28534365	A	G	0.978
17	28534377	T	C	0.992
17	28534452	C	T	0.893
17	28534859	C	T	0.168
17	28535127	T	A	0.6
17	28537153	C	T	0.197
17	28537195	C	A	0.41
17	28537246	G	A	0.607
17	28537375	C	T	0.209
17	43045761	A	C	0.888
17	43063936	C	T	0.935
17	43063937	A	G	0.914
17	43092113	T	C	0.069
17	43092449	G	A	0.341
17	43093376	T	C	0.404
17	43094298	A	C	0.051
17	43094298	A	C	0.639
17	43104258	G	C	0.05
17	43104258	G	C	0.606
17	43106477	C	T	0.954
17	44374449	C	T	0.13
17	44374463	G	T	0.774
17	44374470	C	T	0.333
17	44374738	A	T	0.843
17	44375011	G	A	0.313
17	44375039	C	A	0.46
17	44375697	A	C	0.055
17	44375704	G	T	0.136
17	44375923	C	G	0.197
17	44375966	C	T	0.746
17	44376089	T	C	0.516
17	44376096	G	T	0.451
17	44376323	T	G	0.268
17	44377021	A	C	0.613
17	44377713	C	T	0.466
17	44377735	A	G	0.477
17	44377772	A	G	0.878
17	44378393	G	A	0.394
17	44378427	C	T	0.415
17	44378644	C	A	0.035
17	44379689	C	G	0.402
17	44379780	A	G	0.628
17	44379795	T	G	0.755
17	44380102	C	T	0.739
17	44380103	G	A	0.776
17	44380127	G	A	0.229
17	44380293	A	T	0.806
17	44380610	C	G	0.576
17	44380898	G	C	0.481
17	44380911	C	T	0.812
17	44380926	C	T	0.895
17	44381013	A	G	0.898
17	44381038	C	T	0.566
17	44381058	A	G	0.573
17	44383502	C	A	0.944
17	44383517	C	T	0.871
17	44383630	C	T	0.584
17	44383640	C	T	0.793
17	44383675	A	G	0.838
17	44383682	C	T	0.737
17	44383907	C	A	0.469
17	44383930	C	A	0.907
17	44383931	C	A	0.95
17	44383933	A	G	0.885
17	44383939	G	A	0.852
17	44384313	C	G	0.369
17	44384316	C	T	0.68
17	44384345	A	T	0.825
17	44384543	G	A	0.211
17	44384567	C	T	0.845
17	44384573	G	C	0.579
17	44384585	C	T	0.838
17	44385175	T	C	0.604
17	44385187	G	A	0.859
17	44385193	A	C	0.797
17	44385193	A	G	0.798
17	44385290	G	A	0.729
17	44385305	A	C	0.781
17	44385309	C	T	0.899
17	44385554	A	C	0.165
17	44385570	A	C	0.134
17	44385598	G	A	0.855
17	44385598	G	T	0.913
17	44385599	G	C	0.825
17	44385605	A	G	0.815
17	44385645	G	C	0.613
17	44385649	C	A	0.751
17	44385650	C	T	0.735
17	44385655	G	T	0.782
17	44385686	G	C	0.053
17	44385702	C	A	0.879
17	44385709	G	A	0.794
17	44385833	G	C	0.288
17	44386063	A	G	0.859
17	44386108	G	C	0.809
17	44389286	C	T	0.089
17	44389343	C	A	0.797
17	44389377	T	C	0.773
17	44389415	A	C	0.772
17	47253892	T	C	0.675
17	47253901	G	A	0.115
17	47274454	T	G	0.939
17	47283363	C	G	0.172
17	47283364	T	C	0.217
17	47283375	C	T	0.98
17	47283385	T	G	0.63
17	47283541	T	A	0.953
17	47284473	G	C	0.929
17	47284503	A	G	0.939
17	47284509	T	C	0.973
17	47284509	T	G	0.98
17	47284512	T	G	0.946
17	47284514	G	A	0.89
17	47284514	G	T	0.972
17	47284529	A	G	0.968
17	47284587	G	A	0.255
17	47284638	C	T	0.733
17	47284644	C	T	0.771
17	47284646	C	T	0.976
17	47286274	G	C	0.936
17	47286291	T	C	0.964
17	47286292	A	G	0.953
17	47286300	G	A	0.874
17	47286310	T	C	0.979
17	47286363	C	T	0.832
17	47286364	G	A	0.819
17	47286370	G	A	0.859
17	47286372	G	C	0.983
17	47286373	A	T	0.985
17	47286394	A	G	0.988
17	47286405	C	A	0.972
17	47286406	A	G	0.951
17	47287134	A	C	0.988
17	47287148	G	A	0.967
17	47287155	T	C	0.99
17	47287209	A	C	0.676
17	47289681	G	T	0.977
17	47289682	A	C	0.974
17	47289711	A	G	0.905
17	47289730	T	A	0.97
17	47289772	A	C	0.982
17	47289772	A	G	0.987
17	47290243	A	G	0.948
17	47291027	G	A	0.968
17	47292266	G	C	0.898
17	47292326	G	A	0.948
17	47292336	C	G	0.909
17	47292373	T	C	0.914
17	47292422	G	A	0.183
17	47292472	T	C	0.988
17	47292473	G	A	0.972
17	47292473	G	T	0.965
17	47292517	T	G	0.993
17	47292519	C	G	0.891
17	47292524	G	C	0.885
17	47299314	G	A	0.99
17	47299319	T	C	0.977
17	47299418	T	C	0.986
17	47299418	T	G	0.985
17	47299430	G	A	0.959
17	47299431	G	A	0.966
17	47299488	G	A	0.951
17	47300524	G	A	0.465
17	47307483	G	T	0.802
17	80104587	A	T	0.452
17	80104588	T	C	0.518
17	80104857	G	A	0.396
17	80104893	T	G	0.985
17	80105857	G	A	0.872
17	80105860	G	T	0.305
17	80105870	G	A	0.389
17	80105872	C	T	0.64
17	80105873	G	A	0.757
17	80105878	C	G	0.159
17	80107648	G	A	0.888
17	80107660	C	T	0.476
17	80107705	C	T	0.786
17	80107717	C	T	0.757
17	80107812	C	T	0.701
17	80107813	T	C	0.908
17	80107818	G	A	0.931
17	80107837	T	C	0.952
17	80107837	T	G	0.93
17	80107866	G	A	0.963
17	80107894	T	A	0.926
17	80107894	T	C	0.89
17	80108337	G	A	0.919
17	80108338	G	A	0.897
17	80108398	T	C	0.805
17	80108495	C	G	0.945
17	80108495	C	T	0.951
17	80108512	T	C	0.944
17	80108516	G	A	0.647
17	80108537	G	T	0.976
17	80108712	G	A	0.869
17	80108724	A	G	0.637
17	80108788	A	G	0.326
17	80108811	C	T	0.782
17	80108818	T	A	0.784
17	80109970	C	G	0.449
17	80110018	T	C	0.941
17	80110020	A	T	0.747
17	80110055	G	C	0.608
17	80110730	T	C	0.967
17	80110734	C	G	0.948
17	80110734	C	T	0.918
17	80110736	G	A	0.822
17	80110754	G	A	0.938
17	80110767	C	T	0.911
17	80110826	G	A	0.861
17	80110827	A	G	0.965
17	80110945	T	C	0.983
17	80110953	C	G	0.883
17	80110953	C	T	0.932
17	80112001	T	C	0.94
17	80112015	A	T	0.662
17	80112016	T	G	0.746
17	80112056	C	G	0.662
17	80112062	C	G	0.793
17	80112081	G	A	0.878
17	80112604	G	A	0.927
17	80112604	G	C	0.941
17	80112619	C	A	0.974
17	80112621	C	T	0.915
17	80112622	G	A	0.967
17	80112625	C	T	0.961
17	80112643	G	A	0.872
17	80112654	G	A	0.767
17	80112655	G	A	0.821
17	80112664	C	A	0.835
17	80112664	C	T	0.769
17	80112666	G	A	0.989
17	80112680	C	G	0.795
17	80112890	A	G	0.518
17	80112892	C	A	0.61
17	80112899	G	T	0.988
17	80112900	G	T	0.986
17	80112914	G	A	0.976
17	80112920	G	A	0.868
17	80112922	C	A	0.8
17	80112928	C	G	0.802
17	80112929	G	A	0.98
17	80112965	C	T	0.966
17	80112966	G	A	0.976
17	80113001	C	T	0.9
17	80113002	G	A	0.955
17	80113282	G	A	0.985
17	80113282	G	T	0.972
17	80113329	G	A	0.193
17	80113350	C	T	0.909
17	80117016	G	C	0.896
17	80117075	A	C	0.98
17	80117075	A	G	0.967
17	80117092	T	C	0.93
17	80117606	G	A	0.161
17	80117714	G	A	0.301
17	80117723	C	T	0.822
17	80117724	G	C	0.926
17	80118674	G	C	0.185
17	80118786	C	T	0.481
18	55228900	A	G	0.966
18	55228982	G	A	0.909
18	55228985	C	A	0.963
18	55228987	C	T	0.985
18	55228988	G	A	0.973
18	55228993	C	T	0.945
18	55228999	C	T	0.943
18	55234548	C	A	0.118
18	55254564	C	A	0.599
18	55261512	G	A	0.422
18	55275649	G	C	0.139
18	55275702	G	C	0.111
18	55279622	T	C	0.037
18	55350907	G	T	0.078
18	55350960	G	C	0.077
18	55403518	C	T	0.116
18	55403518	C	T	0.139
18	55461054	T	C	0.061
19	1397400	C	T	0.147
19	1397444	G	A	0.313
19	1397480	A	G	0.925
19	1397489	A	G	0.496
19	1398755	A	T	0.269
19	1398912	G	A	0.35
19	1398922	C	A	0.735
19	1398980	C	T	0.754
19	1398981	A	G	0.828
19	1398989	A	G	0.953
19	1398995	C	T	0.919
19	1399010	A	G	0.947
19	1399148	G	A	0.888
19	1399180	G	A	0.976
19	1399184	C	A	0.938
19	1399184	C	T	0.856
19	1399524	C	G	0.958
19	1399587	C	A	0.928
19	1399846	T	C	0.919
19	1399887	A	T	0.794
19	1399896	G	A	0.861
19	1399900	C	G	0.93
19	1399918	C	A	0.994
19	1401317	C	G	0.894
19	1401325	T	G	0.814
19	1401329	T	G	0.923
19	1401344	A	T	0.95
19	1401362	T	C	0.721
19	1401398	A	G	0.652
19	1401418	C	G	0.94
19	1401476	T	C	0.578
19	4090639	G	A	0.396
19	4099227	G	A	0.561
19	4099273	C	A	0.036
19	4099276	G	A	0.072
19	4099302	T	C	0.256
19	4101105	C	T	0.657
19	4101274	G	A	0.479
19	4110558	T	C	0.966
19	4110559	A	G	0.917
19	4110576	G	T	0.928
19	4117552	A	C	0.959
19	4117553	A	C	0.941
19	11089549	A	C	0.638
19	11089549	A	G	0.632
19	11089549	A	T	0.638
19	11089550	T	C	0.621
19	11089551	G	A	0.613
19	11089551	G	T	0.613
19	11089592	T	C	0.675
19	11089606	G	A	0.558
19	11100236	C	G	0.759
19	11102714	C	T	0.817
19	11102732	T	G	0.892
19	11102738	T	C	0.973
19	11102741	G	A	0.738
19	11102741	G	T	0.958
19	11102742	A	C	0.964
19	11102742	A	G	0.957
19	11102743	T	A	0.833
19	11102771	G	A	0.93
19	11102772	A	G	0.9
19	11102774	G	A	0.896
19	11105249	C	T	0.81
19	11105324	G	A	0.965
19	11105346	C	T	0.811
19	11105436	C	T	0.886
19	11105448	C	G	0.713
19	11105457	G	A	0.854
19	11105457	G	C	0.871
19	11105496	G	T	0.945
19	11105567	G	T	0.978
19	11105568	A	G	0.986
19	11105570	T	C	0.966
19	11105571	G	T	0.971
19	11105588	G	A	0.972
19	11105599	C	G	0.708
19	11106588	G	A	0.865
19	11106597	T	C	0.966
19	11106666	G	A	0.832
19	11106666	G	T	0.974
19	11106667	A	G	0.975
19	11106667	A	T	0.974
19	11106668	T	A	0.739
19	11106676	G	A	0.661
19	11107420	C	A	0.877
19	11107432	C	A	0.766
19	11107433	G	T	0.928
19	11107436	G	A	0.85
19	11107472	A	G	0.556
19	11107484	G	A	0.883
19	11107484	G	T	0.982
19	11107486	C	G	0.871
19	11107493	G	A	0.865
19	11107494	A	G	0.985
19	11107511	T	C	0.978
19	11110678	G	T	0.903
19	11110681	G	A	0.815
19	11110685	G	A	0.977
19	11110688	C	G	0.927
19	11110688	C	T	0.937
19	11110714	G	A	0.843
19	11110714	G	T	0.889
19	11110735	G	A	0.283
19	11110738	G	A	0.929
19	11110738	G	T	0.92
19	11110739	G	A	0.959
19	11110739	G	T	0.983
19	11110760	G	C	0.648
19	11110766	G	A	0.98
19	11111520	A	C	0.947
19	11111520	A	T	0.903
19	11111522	G	A	0.976
19	11111586	A	C	0.754
19	11111624	G	A	0.309
19	11111639	G	A	0.774
19	11113307	C	T	0.883
19	11113308	G	A	0.809
19	11113308	G	C	0.887
19	11113313	G	A	0.879
19	11113314	A	T	0.908
19	11113329	C	T	0.692
19	11113382	G	A	0.914
19	11113382	G	C	0.939
19	11113392	C	A	0.616
19	11113392	C	G	0.652
19	11113413	T	C	0.907
19	11113537	C	A	0.473
19	11113608	G	A	0.985
19	11113609	G	A	0.984
19	11113620	G	A	0.945
19	11113620	G	C	0.993
19	11113621	A	G	0.987
19	11116125	G	A	0.888
19	11116125	G	T	0.821
19	11116874	G	A	0.971
19	11116882	T	G	0.937
19	11116892	C	T	0.907
19	11116927	G	A	0.951
19	11116928	G	A	0.938
19	11116936	C	T	0.89
19	11116937	G	A	0.956
19	11116937	G	T	0.959
19	11120101	T	C	0.857
19	11120102	T	C	0.832
19	11120102	T	G	0.856
19	11120188	T	C	0.604
19	11120197	G	A	0.697
19	11120197	G	T	0.933
19	11120201	T	C	0.588
19	11120211	C	G	0.661
19	11120382	G	A	0.986
19	11120405	G	A	0.853
19	11120425	C	G	0.83
19	11120480	G	A	0.683
19	11120481	A	G	0.875
19	11123210	C	T	0.454
19	11123264	G	A	0.291
19	11123284	C	T	0.428
19	11129596	A	G	0.93
19	11129598	C	A	0.802
19	11129598	C	G	0.803
19	11129654	G	A	0.939
19	11131308	G	A	0.209
19	17826850	C	T	0.011
19	17831706	G	T	0.52
19	17832563	T	C	0.443
19	17834887	C	T	0.156
19	17835995	G	A	0.155
19	17837171	G	A	0.357
19	17841686	C	T	0.299
19	17842528	C	T	0.362
19	17843141	G	C	0.446
19	17843406	G	T	0.092
19	17843438	C	T	0.028
19	17843898	T	C	0.373
19	18156039	G	A	0.059
19	18156199	C	T	0.034
19	18162974	G	A	0.631
19	38433867	T	G	0.828
19	38440796	A	G	0.92
19	38440802	T	C	0.947
19	38440829	C	T	0.951
19	38443790	G	A	0.261
19	38444187	C	A	0.94
19	38444211	C	T	0.959
19	38444212	G	T	0.882
19	38444253	C	T	0.931
19	38444257	A	G	0.951
19	38446710	G	A	0.889
19	38446710	G	C	0.883
19	38448673	C	T	0.76
19	38448712	G	A	0.864
19	38448712	G	C	0.876
19	38451842	C	T	0.886
19	38451843	G	A	0.903
19	38451843	G	T	0.965
19	38455359	A	C	0.942
19	38455359	A	G	0.949
19	38455463	G	A	0.93
19	38455471	C	T	0.918
19	38455489	T	C	0.934
19	38455489	T	G	0.937
19	38455504	G	T	0.924
19	38455528	C	T	0.831
19	38457545	C	T	0.927
19	38457546	G	T	0.931
19	38460461	C	T	0.758
19	38464649	G	A	0.926
19	38466386	G	C	0.824
19	38467655	G	A	0.846
19	38473635	A	G	0.293
19	38475335	A	G	0.555
19	38483293	A	G	0.56
19	38485654	C	T	0.339
19	38485691	G	A	0.918
19	38485838	C	T	0.477
19	38485972	C	T	0.46
19	38486015	C	T	0.055
19	38492540	G	T	0.172
19	38494426	G	C	0.923
19	38494464	C	G	0.683
19	38494564	C	T	0.956
19	38494565	G	A	0.933
19	38494565	G	C	0.947
19	38494565	G	T	0.926
19	38494579	G	A	0.896
19	38496278	C	G	0.739
19	38496283	C	G	0.968
19	38496283	C	T	0.95
19	38496294	G	T	0.961
19	38496415	C	T	0.728
19	38496901	G	A	0.641
19	38499177	A	G	0.712
19	38499223	G	A	0.903
19	38499241	A	G	0.639
19	38499642	C	A	0.747
19	38499650	A	G	0.964
19	38499655	G	A	0.952
19	38499667	G	A	0.867
19	38499670	C	T	0.861
19	38499683	G	A	0.873
19	38499691	G	A	0.885
19	38499697	T	G	0.85
19	38499730	G	A	0.9
19	38499731	G	C	0.905
19	38499975	G	A	0.85
19	38499984	G	A	0.888
19	38499984	G	T	0.964
19	38499993	G	A	0.965
19	38499997	G	A	0.944
19	38499997	G	T	0.948
19	38500003	C	T	0.917
19	38500636	C	T	0.828
19	38500640	T	C	0.891
19	38500642	C	T	0.913
19	38500643	G	A	0.923
19	38500654	C	T	0.922
19	38500655	G	A	0.959
19	38500655	G	T	0.968
19	38500898	C	T	0.861
19	38500899	G	A	0.898
19	38502708	T	A	0.818
19	38502923	G	C	0.894
19	38504319	C	T	0.601
19	38505325	C	T	0.693
19	38505358	C	G	0.466
19	38512321	G	A	0.868
19	38512364	C	T	0.213
19	38519292	G	A	0.68
19	38519295	A	G	0.632
19	38525492	G	A	0.877
19	38527707	G	C	0.32
19	38534726	C	G	0.326
19	38534775	G	A	0.888
19	38543365	G	A	0.97
19	38543551	A	G	0.983
19	38543832	G	T	0.75
19	38548287	C	A	0.942
19	38561140	G	C	0.307
19	38565034	G	C	0.89
19	38565034	G	T	0.89
19	38565215	C	T	0.528
19	38565218	C	T	0.152
19	38566975	C	T	0.418
19	38566986	G	C	0.663
19	38575957	G	A	0.79
19	38577954	C	T	0.882
19	38577955	G	A	0.89
19	38580094	C	T	0.977
19	38580114	C	T	0.975
19	38580370	C	G	0.882
19	38580403	G	A	0.817
19	38580485	A	G	0.912
19	38585099	G	A	0.962
19	38586140	C	T	0.898
19	43511454	C	T	0.928
19	43511455	G	A	0.954
19	43527117	C	A	0.211
20	44355805	A	G	0.619
20	44355806	T	A	0.581
20	44355806	T	C	0.584
20	44355807	G	A	0.658
20	44406132	G	A	0.948
20	44406133	G	T	0.964
20	44406195	C	T	0.949
20	44406196	G	A	0.921
20	44406207	C	T	0.925
20	44406208	G	A	0.943
20	44406229	G	A	0.976
20	44407434	G	A	0.958
20	44407434	G	C	0.986
20	44407460	G	A	0.989
20	44407465	G	A	0.945
20	44413694	C	A	0.938
20	44413696	G	A	0.804
20	44413708	C	T	0.95
20	44413709	G	A	0.959
20	44413714	C	T	0.919
20	44413735	A	G	0.555
20	44414633	G	A	0.605
20	44414657	G	T	0.951
20	44419741	C	T	0.927
20	44419742	G	A	0.896
20	44419774	G	A	0.81
20	44419783	C	G	0.904
20	44419783	C	T	0.898
20	44419784	G	A	0.92
20	44419790	T	C	0.979
20	44419828	G	T	0.912
20	44419837	G	C	0.952
20	44424059	C	T	0.92
20	44424060	G	A	0.919
20	44424060	G	C	0.972
20	44424060	G	T	0.936
20	44424092	A	T	0.976
20	44424116	C	T	0.787
20	44424117	G	A	0.765
20	44424117	G	T	0.834
20	44424122	C	T	0.976
20	44424123	G	A	0.91
20	44424123	G	T	0.986
20	44424129	G	T	0.919
20	44428448	G	A	0.451
20	44428470	G	A	0.062
20	44429627	A	G	0.354
20	44621103	G	A	0.959
20	44622588	C	T	0.573
20	44622906	G	A	0.97
20	44623039	C	T	0.94
20	44623053	C	T	0.955
20	44623054	G	A	0.88
20	44624217	A	T	0.726
20	44625602	G	A	0.948
20	44625622	C	T	0.254
20	44626579	T	C	0.292
20	44651586	C	T	0.317
21	34792014	C	G	0.029
21	34792022	G	A	0.018
21	34792028	C	T	0.133
21	34792047	C	A	0.031
21	34792065	A	G	0.007
21	34792067	C	A	0.013
21	34792163	A	G	0.414
21	34792182	T	A	0.149
21	34792223	A	C	0.046
21	34792313	T	C	0.086
21	34792326	T	C	0.14
21	34792388	T	C	0.238
21	34792548	C	T	0.082
21	34792573	C	A	0.4
21	34792580	G	A	0.346
21	34792584	C	T	0.316
21	34792593	C	T	0.067
21	34799312	C	T	0.127
21	34799316	A	C	0.093
21	34799412	G	T	0.152
21	34799436	G	A	0.275
21	34799444	G	A	0.146
21	34799456	C	T	0.326
21	34834414	C	T	0.283
21	34834451	T	C	0.483
21	34834466	C	T	0.488
21	34834478	G	A	0.4
21	34834517	C	T	0.514
21	34834547	T	C	0.799
21	34859476	C	T	0.958
21	34859477	G	C	0.889
21	34859485	C	T	0.94
21	34859491	C	T	0.956
21	34859494	T	A	0.959
21	34859494	T	G	0.962
21	34859495	C	A	0.964
21	34859495	C	T	0.93
21	34859501	T	C	0.957
21	34859505	T	G	0.826
21	34880559	C	A	0.939
21	34880568	C	T	0.962
21	34880579	C	A	0.818
21	34880579	C	G	0.818
21	34880580	C	T	0.949
21	34880581	T	C	0.885
21	34880598	G	T	0.906
21	34880664	G	A	0.949
21	34880665	C	G	0.945
21	34880696	A	T	0.375
21	34886864	C	A	0.884
21	34886864	C	G	0.884
21	34886866	T	C	0.953
21	34886874	C	T	0.953
21	34886875	G	A	0.923
21	34886878	A	G	0.976
21	34886878	A	T	0.976
21	34886879	G	T	0.901
21	34886880	T	G	0.953
21	34886914	T	G	0.947
21	34886941	G	T	0.852
21	34886989	C	G	0.559
21	34887015	G	A	0.284
21	34887027	A	G	0.307
21	34892957	A	T	0.271
21	35048846	C	A	0.256
21	35048882	T	C	0.293
22	20990476	G	A	0.839
X	18507134	T	C	0.623
X	18507155	G	T	0.928
X	18510820	G	A	0.981
X	18564496	C	T	0.789
X	18575402	G	A	0.68
X	18575423	T	C	0.815
X	18579855	T	C	0.765
X	18581941	T	C	0.754
X	18584268	G	C	0.766
X	18584269	C	T	0.787
X	18584332	G	A	0.748
X	18587977	A	G	0.824
X	18595364	A	G	0.257
X	18603988	G	A	0.347
X	18604120	A	C	0.149
X	18604158	A	G	0.414
X	18604447	T	C	0.101
X	18604488	T	G	0.205
X	18604503	C	T	0.321
X	18604608	A	G	0.133
X	18604645	C	T	0.202
X	18604692	G	A	0.389
X	18604816	T	C	0.125
X	18609525	C	G	0.185
X	18613199	A	G	0.136
X	18613242	A	G	0.205
X	18619908	A	G	0.194
X	18625216	G	A	0.123
X	18628420	C	T	0.388
X	18628429	C	T	0.243
X	18646032	G	C	0.086
X	18646076	C	T	0.108
X	18650469	G	T	0.093
X	18650508	G	A	0.1
X	18650539	C	T	0.113
X	18650545	T	G	0.15
X	18653482	G	A	0.132
X	18653510	C	A	0.118
X	18653534	C	T	0.062
X	19350033	C	T	0.955
X	19353169	C	T	0.946
X	19357664	A	C	0.588
X	19359015	A	C	0.509
X	19359612	C	T	0.907
X	71107785	T	C	0.489
X	71107869	C	T	0.279
X	71109247	C	T	0.398
X	71109265	C	T	0.398
X	71109282	G	A	0.073
X	71109308	C	T	0.654
X	71109309	G	A	0.114
X	71109309	G	A	0.727
X	71109315	G	A	0.133
X	71109315	G	A	0.906
X	71109321	G	A	0.043
X	71109321	G	A	0.784
X	71110205	C	T	0.743
X	71110552	G	A	0.454
X	71110626	A	G	0.403
X	71110633	C	T	0.278
X	71110647	T	A	0.672
X	71110964	C	T	0.786
X	71110982	A	G	0.925
X	71110982	A	T	0.933
X	71111051	C	T	0.365
X	71111423	A	G	0.215
X	71111424	C	A	0.242
X	71111440	C	A	0.275
X	135985527	G	T	0.037
X	135985578	C	G	0.073
X	135985650	G	T	0.025
X	135985673	C	G	0.07
X	135998486	A	T	0.357
X	135998551	G	A	0.086
X	136022660	G	C	0.384
X	139530772	G	A	0.532
X	139530783	A	T	0.582
X	139530852	G	A	0.787
X	139541114	G	A	0.905
X	139551113	G	A	0.73
X	139551121	A	G	0.255
X	139551253	T	G	0.547
X	139560852	G	A	0.765
X	139561694	G	A	0.783
X	139561694	G	C	0.617
X	139561695	C	T	0.727
X	139561920	G	A	0.981
X	139561988	T	G	0.964
X	139561989	G	A	0.943
X	139562010	G	A	0.908
X	139562010	G	C	0.884
X	139562010	G	T	0.906
X	153688600	G	T	0.146
X	153690454	G	C	0.859
X	153691304	G	T	0.916
X	153691450	T	C	0.884
X	153691453	G	A	0.184
X	153691466	G	A	0.102
X	153691528	C	T	0.237
X	153691528	C	T	0.578
X	153691543	G	T	0.377
X	153692006	G	T	0.169
X	153692011	G	A	0.199
X	153692087	G	C	0.87
X	153692087	G	C	0.878
X	153693039	A	G	0.194
X	153693175	G	A	0.259
X	153693267	G	A	0.145
X	153693586	G	C	0.886
X	153693586	G	C	0.923
X	153693586	G	C	0.931
X	153693908	C	T	0.891
X	153693908	C	T	0.906
X	153693925	G	A	0.553
X	153693925	G	A	0.839
X	153693932	C	T	0.942
X	153693932	C	T	0.969
X	153693934	C	T	0.078
X	153693934	C	T	0.599
X	153693953	C	T	0.896
X	153693969	G	A	0.51
X	153693969	G	A	0.664
X	153693973	G	C	0.19
X	153693973	G	C	0.601
X	153694146	G	A	0.623
X	153694146	G	A	0.909
X	153694160	C	G	0.101
X	153694347	G	A	0.95
X	153694372	A	G	0.963
X	153694372	A	G	0.971
X	153694379	C	G	0.089
X	153694424	C	G	0.751
X	153694451	G	C	0.395
X	153694753	C	T	0.784
X	153694768	A	C	0.182
X	153694803	G	C	0.88
X	153694821	T	C	0.902
X	154030387	C	T	0.473
X	154030395	C	T	0.639
X	154030409	C	G	0.321
X	154030489	C	T	0.377
X	154030501	C	T	0.376
X	154030513	C	A	0.423
X	154030546	C	T	0.45
X	154030573	G	A	0.474
X	154030609	C	T	0.398
X	154030620	G	A	0.438
X	154030623	G	A	0.064
X	154030623	G	A	0.279
X	154030633	G	A	0.256
X	154030639	C	T	0.399
X	154030640	G	A	0.026
X	154030648	C	T	0.467
X	154030665	G	A	0.482
X	154030666	G	A	0.49
X	154030668	G	A	0.39
X	154030677	G	A	0.376
X	154030681	G	A	0.399
X	154030690	C	T	0.014
X	154030690	C	T	0.314
X	154030693	G	A	0.391
X	154030695	G	A	0.474
X	154030696	C	A	0.555
X	154030696	C	T	0.506
X	154030702	G	A	0.505
X	154030714	G	A	0.3
X	154030744	G	A	0.397
X	154030747	G	A	0.409
X	154030747	G	C	0.37
X	154030768	G	A	0.541
X	154030798	G	A	0.513
X	154030863	G	A	0.588
X	154030896	G	A	0.765
X	154030903	G	A	0.729
X	154030912	G	A	0.843
X	154030916	C	G	0.622
X	154030918	T	C	0.821
X	154030923	G	A	0.904
X	154030949	G	C	0.486
X	154030969	C	G	0.553
X	154030987	C	T	0.441
X	154031004	A	G	0.532
X	154031080	G	A	0.654
X	154031127	G	C	0.369
X	154031137	C	T	0.453
X	154031178	G	A	0.607
X	154031211	C	G	0.445
X	154031211	C	G	0.742
X	154031220	G	A	0.296
X	154031220	G	A	0.446
X	154031226	G	A	0.442
X	154031226	G	A	0.528
X	154031231	G	C	0.365
X	154031301	G	T	0.471
X	154031311	G	C	0.5
X	154031329	G	A	0.892
X	154031356	T	C	0.928
X	154031357	G	C	0.957
X	154031359	A	T	0.972
X	154031361	T	C	0.98
X	154031373	G	C	0.943
X	154031374	G	C	0.874
X	154031376	T	C	0.923
X	154031425	T	C	0.933
X	154031427	G	A	0.991
X	154031430	C	A	0.975
X	154031430	C	T	0.979
X	154031431	G	A	0.986
X	154031448	G	A	0.967
X	154032212	C	A	0.623
X	154032212	C	G	0.623
X	154032220	C	T	0.948
X	154032282	G	C	0.978
X	154032283	G	A	0.981
X	154032286	G	C	0.797
X	154032319	G	A	0.563
X	154032360	G	A	0.598
X	154032369	G	A	0.435
X	154032429	T	C	0.528
X	154097611	C	T	0.299
X	154097665	T	A	0.349
X	154837638	T	A	0.878
X	154860563	T	C	0.292
X	154860588	C	A	0.925
X	154902120	G	A	0.822
X	154904082	T	C	0.943
X	154904998	C	T	0.96
X	154906490	C	T	0.819
X	154930843	C	T	0.194
X	154931575	C	T	0.614
X	154947724	G	A	0.927
X	154953896	C	A	0.883
X	154953961	G	A	0.808
X	154957049	T	C	0.938
X	154957060	C	T	0.738
X	154961104	C	T	0.429
X	154965993	C	T	0.972
X	154966041	G	A	0.839
X	154966453	G	T	0.922
X	154966483	A	C	0.985
X	154966603	T	C	0.756
X	154969361	G	C	0.657
X	154969417	G	A	0.8
X	154992938	T	C	0.779
